"MAKE","MODEL","MFRNAME","WGHTCLASS","MAKETYPE","SIZECATEGORY","STARTPRICE","ENDPRICE","CREW","PAS","PRESSUR","CABLEN","CABHGHT","CABWIDTH","FUELCAPSTDLB","FUELCAPSTD","WGHTRAMP","WGHTTAKEOFF","WGHTZERO","WGHTBASOP","WGHTLAND","SPDSTALLVS","SPDSTALLVSO","SPDCRUIS","SPDMAX","CLIMBNORM","CLIMBENGOUT","CLIMBCEILING","LANDLNGTH","TAKEOFFALI","TAKEOFF500","RANGE","RANGETANKSFULL","ENGNUMOF","ENGINEMODELS","ENGTHRUST","ENGSHAFT","ENGTCOMBO"
"AIRBUS","ACJ TWOTWENTY","Airbus SAS","Heavy","Business Jet","Airline Business Jet","80000000","100000000","4","19","9.3","78' 0' (FT)(IN)","6' 6' (FT)(IN)","10' 8' (FT)(IN)","50578","7549","141000","140500","108000","87675","112500","110","0","432","330","0","0","41000","2300","5478","8706","5686","5684","2","PW1500G, PW1519G, PW1524G, ","19000","0","0"
"AIRBUS","ACJ318","Airbus SAS","Heavy","Business Jet","Airline Business Jet","26500000","44400000","4","19","8.2","70' 2' (FT)(IN)","7' 4' (FT)(IN)","12' 1' (FT)(IN)","48660","7263","150800","149900","120150","96694","126765","0","121","444","350","3000","0","41000","4050","5870","7660","4250","4000","2","CFM56-5B6/P, CFM56-5B8/P, CFM56-5B9/3, CFM56-5B9/P, PW6124, ","23500","0","0"
"AIRBUS","ACJ319","Airbus SAS","Heavy","Business Jet","Airline Business Jet","39500000","70000000","4","19","8.3","78' 0' (FT)(IN)","7' 4' (FT)(IN)","12' 2' (FT)(IN)","42230","6303","169530","168650","128970","96450","137790","138","111","447","350","3300","770","41000","2220","6170","8360","6000","6134","2","CFM56-5B5/3, CFM56-5B5/P, CFM56-5B6, CFM56-5B6/P, CFM56-5B7/3, CFM56-5B7/P, V2500 SelectOne, V2524-A5, V2527M-A5, ","22000","0","0"
"AIRBUS","ACJ319neo","Airbus SAS","Heavy","Business Jet","Airline Business Jet","100000000","107500000","4","19","9.2","79' 0' (FT)(IN)","7' 4' (FT)(IN)","12' 1' (FT)(IN)","66209","9882","173283","172401","116845","104000","140875","119","0","447","350","3000","0","41000","2220","6217","8189","6750","6750","2","LEAP-1A, LEAP-1A24, LEAP-1A26, LEAP-1A26CJ, PW1124G, PW1127G-JM, ","24500","0","0"
"AIRBUS","ACJ320","Airbus SAS","Heavy","Business Jet","Airline Business Jet","80000000","115000000","4","19","8.3","89' 9' (FT)(IN)","7' 4' (FT)(IN)","12' 1' (FT)(IN)","60803","9075","175045","174165","141757","110000","148592","98","127","451","350","3300","0","39000","2400","6920","9355","4300","6000","2","CFM56-5B4/3, LEAP-1A26, V2527-A5, ","27000","0","0"
"AIRBUS","ACJ320neo","Airbus SAS","Heavy","Business Jet","Airline Business Jet","80000000","117000000","4","19","9.2","89' 9' (FT)(IN)","7' 4' (FT)(IN)","12' 1' (FT)(IN)","60812","9076","175045","174165","141757","110000","148592","115","0","447","350","0","0","41000","2565","6333","8189","6000","6000","2","LEAP-1A26, PW1127G-JM, ","27120","0","0"
"AIRBUS","ACJ330","Airbus SAS","Heavy","Business Jet","Airline Business Jet","208600000","225000000","4","25","0","165' 2' (FT)(IN)","7' 9' (FT)(IN)","17' 3' (FT)(IN)","246225","36750","509000","507000","370400","265457","396800","179","135","432","358","0","0","41000","5680","9110","0","8500","0","2","CF6-80E1A4, Trent 772B-60, ","66870","0","0"
"AIRBUS","ACJ330neo","Airbus SAS","Heavy","","Airline Business Jet","200000000","390000000","4","25","0","165' 2' (FT)(IN)","7' 11' (FT)(IN)","17' 3' (FT)(IN)","246225","36750","531100","529100","374800","0","401200","0","0","0","0","0","0","41000","5680","9110","0","9400","0","2","Trent 772B-60, ","71100","0","0"
"ASTRA","1125","Israel Aircraft Industries, Ltd.","Medium","Business Jet","Mid-Size Jet","350000","1250000","2","8","8.8","17' 1' (FT)(IN)","5' 6' (FT)(IN)","4' 15' (FT)(IN)","9365","1398","23650","23500","16000","13058","20700","114","97","448","363","3700","1010","45000","2720","5250","7400","2780","3110","2","TFE731-3A-200G, TFE731-3C-200G, ","3700","0","4200"
"ASTRA","1125SP","Israel Aircraft Industries, Ltd.","Medium","Business Jet","Mid-Size Jet","691000","1298000","2","6","8.8","17' 1' (FT)(IN)","5' 6' (FT)(IN)","4' 3' (FT)(IN)","9365","1398","23650","23500","16000","13225","20700","114","97","448","363","3700","1010","45000","2720","5250","9360","2780","0","2","TFE731-3A-200G, TFE731-3C-200G, ","3700","0","4200"
"ASTRA","1125SPX","Israel Aircraft Industries, Ltd.","Medium","Business Jet","Mid-Size Jet","1441000","2161000","2","7","8.8","17' 1' (FT)(IN)","5' 6' (FT)(IN)","4' 8' (FT)(IN)","9365","1398","24800","24650","17000","14635","20700","110","97","448","363","2312","493","45000","2520","5395","8700","2780","0","2","TFE731-40R-200G, ","4250","0","5000"
"BEECHJET","400","Beech/Raytheon","Light","Business Jet","Light Jet","211000","409000","2","7","9.1","14' 5' (FT)(IN)","4' 10' (FT)(IN)","4' 11' (FT)(IN)","4750","709","15850","15780","12470","11013","14220","96","88","378","320","3960","560","41000","2930","3950","5850","1510","0","2","JT15D-5, ","3045","0","3600"
"BEECHJET","400A","Beech/Raytheon","Light","Business Jet","Light Jet","375000","2195000","2","7","9.1","15' 7' (FT)(IN)","4' 10' (FT)(IN)","4' 11' (FT)(IN)","4911","733","16300","16100","13000","10915","15700","96","88","449","320","4020","560","45000","2960","5083","6322","1180","0","2","FJ44-3AP, FJ44-4A-32, FJ44-4AP, JT15D-5, JT15D-5R, ","3045","0","3600"
"BOEING","BBJ","The Boeing Company","Heavy","Business Jet","Airline Business Jet","38000000","64500000","4","19","9","79' 2' (FT)(IN)","7' 1' (FT)(IN)","11' 7' (FT)(IN)","56012","8360","171500","171000","126000","103345","134000","135","117","452","340","1321","0","41000","3837","6085","10330","6297","6285","2","CFM56-7B24, CFM56-7B26, CFM56-7B26/B1, CFM56-7B27, CFM56-7B27/B3, CFM56-7B27E, CFM56-7BE, ","27300","0","0"
"BOEING","BBJ MAX 7","The Boeing Company","Heavy","Business Jet","Airline Business Jet","86640000","101500000","4","19","9","85' 7' (FT)(IN)","7' 1' (FT)(IN)","11' 6' (FT)(IN)","67690","10103","177500","177000","138700","101550","145600","118","0","456","340","0","0","41000","2360","6820","0","6810","6525","2","LEAP-1B, LEAP-1B27, ","29320","0","0"
"BOEING","BBJ MAX 8","The Boeing Company","Heavy","Business Jet","Airline Business Jet","99085000","110500000","4","19","9","98' 5' (FT)(IN)","7' 1' (FT)(IN)","11' 6' (FT)(IN)","69553","10381","181700","181200","145400","105200","152800","120","0","456","340","0","0","41000","2335","6600","0","6680","6465","2","LEAP-1B, LEAP-1B28, ","29320","0","0"
"BOEING","BBJ2","The Boeing Company","Heavy","Business Jet","Airline Business Jet","22500000","77500000","4","19","9","98' 3' (FT)(IN)","7' 1' (FT)(IN)","11' 6' (FT)(IN)","49546","7395","174700","174200","138300","101172","146300","0","121","454","340","1370","0","41000","2370","6670","12850","5648","5726","2","CFM56-7B27, CFM56-7BE, ","27300","0","0"
"BOEING","BBJ3","The Boeing Company","Heavy","Business Jet","Airline Business Jet","77500000","97000000","4","19","9","107' 2' (FT)(IN)","7' 1' (FT)(IN)","11' 7' (FT)(IN)","52508","7837","188200","187700","149300","112426","157300","0","0","452","378","1423","0","41000","7000","8350","14500","5496","0","2","CFM56-7B, CFM56-7B27E, CFM56-7BE, ","19500","0","0"
"BOEING","BBJ747-8","The Boeing Company","Heavy","Business Jet","Airline Business Jet","530100000","558000000","4","14","0","207' 5' (FT)(IN)","7' 10' (FT)(IN)","20' 2' (FT)(IN)","426109","63598","990000","987000","651000","486076","688000","235","148","495","415","0","0","43000","6920","10450","0","8875","0","4","GEnx-2B67, ","66500","0","0"
"BOEING","BBJ787-8","The Boeing Company","Heavy","Business Jet","Airline Business Jet","318000000","325000000","4","40","0","138' 9' (FT)(IN)","7' 6' (FT)(IN)","18' 0' (FT)(IN)","223378","33340","503500","502500","355000","260664","380000","0","166","490","413","0","0","43000","8000","12800","0","9955","0","2","GEnx-1B70, Trent 1000, ","69800","0","0"
"BOEING","BBJ787-9","The Boeing Company","Heavy","Business Jet","Airline Business Jet","350000000","400000000","4","40","0","169' 0' (FT)(IN)","8' 1' (FT)(IN)","18' 0' (FT)(IN)","223673","33384","559000","557000","400000","349700","425000","0","166","490","413","0","0","43000","8000","12000","0","9500","0","2","GEnx-1B74/75, Trent 1000, ","74500","0","0"
"CHALLENGER","300","Bombardier Inc.","Heavy","Business Jet","Super Mid-Size Jet","9025000","15794000","2","8","8.8","25' 2' (FT)(IN)","6' 1' (FT)(IN)","7' 2' (FT)(IN)","14045","2096","39000","38850","27000","23500","33750","131","124","459","320","4240","474","45000","2290","4810","6860","3340","0","2","HTF7000, HTF7350, ","7000","0","0"
"CHALLENGER","350","Bombardier Inc.","Heavy","Business Jet","Super Mid-Size Jet","16910000","27942000","2","8","8.8","25' 2' (FT)(IN)","6' 0' (FT)(IN)","7' 2' (FT)(IN)","14150","2112","40750","40600","28200","24800","34150","131","111","459","320","2643","552","45000","2303","4835","6809","3269","3169","2","HTF7350, ","7323","0","0"
"CHALLENGER","3500","Bombardier","Heavy","Business Jet","Super Mid-Size Jet","24564000","27200000","3","11","8.8","25' 2' (FT)(IN)","6' 0' (FT)(IN)","7' 2' (FT)(IN)","14045","2096","40750","40600","28200","24800","34150","111","0","442","320","2643","552","45000","2303","4835","6809","3400","3297","2","HTF7350, ","7323","0","0"
"CHALLENGER","600","Canadair, Ltd.","Heavy","Business Jet","Large Jet","595000","850000","2","11","9.3","28' 4' (FT)(IN)","6' 1' (FT)(IN)","8' 2' (FT)(IN)","15069","2249","41400","41250","28500","24150","36000","122","102","442","368","3488","743","41000","3050","5700","7650","2909","0","2","ALF-502L, ALF-502L-2C, ","7500","0","4000"
"CHALLENGER","601-1A","Canadair, Ltd.","Heavy","Business Jet","Large Jet","647000","1582000","2","11","8.8","28' 3' (FT)(IN)","6' 1' (FT)(IN)","8' 2' (FT)(IN)","16420","2451","43250","43100","29500","25900","36000","123","103","442","365","4200","1048","41000","3550","5700","10100","3450","0","2","CF34-1A, CF34-3A, ","8650","0","6000"
"CHALLENGER","601-3A","Canadair, Ltd.","Heavy","Business Jet","Large Jet","1500000","2200000","2","11","8.8","28' 4' (FT)(IN)","6' 1' (FT)(IN)","8' 2' (FT)(IN)","16420","2451","43250","43100","31000","26000","36000","123","103","476","402","4443","1314","41000","3300","5500","10500","3000","0","2","CF34-3A, CF34-3A2, ","9220","0","6000"
"CHALLENGER","601-3R","Canadair, Ltd.","Heavy","Business Jet","Large Jet","2200000","6000000","2","11","8.8","28' 4' (FT)(IN)","6' 1' (FT)(IN)","8' 2' (FT)(IN)","17695","2641","45250","45100","31000","26250","36000","123","103","476","402","4259","1207","41000","3300","6050","11094","3580","0","2","CF34-3A1, CF34-3A2, CF34-3B, ","9220","0","6000"
"CHALLENGER","604","Bombardier Inc.","Heavy","Business Jet","Large Jet","6320000","10835000","2","10","8.8","28' 4' (FT)(IN)","6' 1' (FT)(IN)","8' 2' (FT)(IN)","19850","2962","48300","48200","32000","27185","38000","123","103","459","385","4345","680","41000","2777","5840","9400","4119","0","2","CF34-3B, ","9220","0","0"
"CHALLENGER","605","Bombardier Inc.","Heavy","Business Jet","Large Jet","12637000","20333000","3","10","8.8","28' 5' (FT)(IN)","6' 1' (FT)(IN)","8' 2' (FT)(IN)","19852","2963","48300","48200","32000","27150","38000","123","103","459","385","4345","581","41000","3833","5840","9192","4123","0","2","CF34-3B, ","9220","0","0"
"CHALLENGER","650","Bombardier Inc.","Heavy","Business Jet","Large Jet","21481000","33000000","2","13","8.8","25' 6' (FT)(IN)","6' 0' (FT)(IN)","7' 9' (FT)(IN)","19852","2963","48300","48200","32000","27150","38000","117","0","424","348","4345","581","41000","2368","5640","9025","4044","3979","2","CF34-3B, ","9220","0","0"
"CHALLENGER","800","Bombardier Inc.","Heavy","Business Jet","Large Jet","3995000","4895000","3","15","8.3","48' 5' (FT)(IN)","6' 1' (FT)(IN)","8' 2' (FT)(IN)","18305","2732","53250","53000","39500","33900","47000","0","0","442","368","1276","572","41000","2910","6295","9545","3120","0","2","CF34-3A1, CF34-3B1, ","9220","0","6000"
"CHALLENGER","850","Bombardier Inc.","Heavy","Business Jet","Large Jet","2600000","10450000","2","15","8.6","48' 5' (FT)(IN)","6' 1' (FT)(IN)","8' 2' (FT)(IN)","18274","2727","53250","53000","44000","34618","47000","240","151","442","368","3395","443","41000","2910","6305","11332","3096","0","2","CF34-3A1, CF34-3B1, ","9220","0","6000"
"CHALLENGER","870","Bombardier Inc.","Heavy","Business Jet","Large Jet","18000000","34000000","3","19","8.6","59' 2' (FT)(IN)","6' 2' (FT)(IN)","8' 3' (FT)(IN)","19450","2903","75250","75000","62300","44907","67000","240","151","447","373","2055","425","41000","2712","5562","6267","2503","0","2","CF34-8C1, CF34-8C5B1, ","14255","0","0"
"CHALLENGER","890","Bombardier Inc.","Heavy","","Large Jet","4000000","11000000","3","19","8.6","59' 2' (FT)(IN)","6' 2' (FT)(IN)","8' 3' (FT)(IN)","19450","2903","85000","84500","70600","48262","75000","240","151","448","374","1321","410","41000","2582","6808","6465","2364","0","2","CF34-8C5, ","14500","0","0"
"CIRRUS","VISION SF50","Cirrus Design Corporation","Very Light Jet","Business Jet","Personal Jet","2100000","2795000","1","4","6.4","10' 11' (FT)(IN)","4' 1' (FT)(IN)","5' 1' (FT)(IN)","2000","299","6040","6000","4900","3772","5550","87","67","256","250","1869","0","28000","1628","2036","3679","1125","1167","1","FJ33-5A, ","2000","0","4000"
"CIRRUS","VISION SF50 G2","Cirrus Design Corporation","Very Light Jet","Business Jet","Personal Jet","2700000","3250000","1","4","7.1","11' 5' (FT)(IN)","4' 1' (FT)(IN)","5' 1' (FT)(IN)","2000","299","6040","6000","4900","3860","5550","87","67","259","250","1609","0","31000","1628","2036","3679","1273","993","1","FJ33-5A, ","2000","0","4000"
"CIRRUS","VISION SF50 G2+","Cirrus Design Corporation","Very Light Jet","Business Jet","Personal Jet","3250000","3600000","1","4","7.1","11' 5' (FT)(IN)","4' 1' (FT)(IN)","5' 1' (FT)(IN)","2000","299","6040","6000","4900","3860","5550","87","67","259","250","1609","0","31000","1628","1920","3045","1098","1171","1","FJ33-5A, ","2000","0","4000"
"CITATION","500","Cessna Aircraft Company","Light","Business Jet","Very Light Jet","189000","775000","2","6","7.6","12' 7' (FT)(IN)","4' 3' (FT)(IN)","4' 9' (FT)(IN)","3645","544","11650","11500","8400","5856","11000","113","82","348","285","2900","800","41000","2310","3275","4700","1130","0","2","FJ44-2A, JT15D-1, JT15D-1A, JT15D-1B, JT15D-4, ","2200","0","3500"
"CITATION","525","Cessna Aircraft Company","Light","Business Jet","Very Light Jet","700000","1500000","2","6","8.5","13' 7' (FT)(IN)","4' 8' (FT)(IN)","4' 9' (FT)(IN)","3196","477","10500","10400","8400","6750","9700","99","82","323","263","3311","888","41000","2486","3280","5870","1250","0","2","FJ44-1A, FJ44-2A, HF120, ","1965","0","5000"
"CITATION","BRAVO","Cessna Aircraft Company","Light","Business Jet","Light Jet","2195000","3812000","2","7","8.9","15' 7' (FT)(IN)","4' 9' (FT)(IN)","4' 9' (FT)(IN)","4824","720","15000","14800","11300","9380","13500","100","79","405","275","2500","1133","45000","2517","3600","5520","1740","0","2","PW530A, ","2887","0","4000"
"CITATION","CJ1","Cessna Aircraft Company","Light","Business Jet","Very Light Jet","1824000","2313000","1","7","8.5","11' 0' (FT)(IN)","4' 8' (FT)(IN)","4' 9' (FT)(IN)","3220","481","10700","10600","8400","6860","9800","98","86","381","263","3200","1070","41000","2488","3280","5870","1161","0","2","FJ44-1A, HF120, ","1965","0","5000"
"CITATION","CJ1+","Cessna Aircraft Company","Light","Business Jet","Very Light Jet","2502000","3385000","1","7","8.5","11' 0' (FT)(IN)","4' 8' (FT)(IN)","4' 8' (FT)(IN)","3220","481","10800","10700","8400","7219","9900","98","86","389","263","3290","957","41000","2361","3250","5890","1245","0","2","FJ44-1AP, HF120, ","2100","0","5000"
"CITATION","CJ2","Cessna Aircraft Company","Light","Business Jet","Very Light Jet","2897000","3825000","1","8","9","13' 7' (FT)(IN)","4' 8' (FT)(IN)","4' 8' (FT)(IN)","3930","586","12500","12375","9300","7810","11500","100","91","413","275","3870","1100","45000","2619","3420","5080","1512","0","2","FJ44-2A, FJ44-2C, ","2400","0","5000"
"CITATION","CJ2+","Cessna Aircraft Company","Light","Business Jet","Very Light Jet","4277000","6015000","1","8","8.9","13' 6' (FT)(IN)","4' 8' (FT)(IN)","4' 9' (FT)(IN)","3930","587","12625","12500","9700","7950","11525","113","86","413","275","4120","1004","45000","2980","3360","5180","1613","0","2","FJ44-3A-24, ","2490","0","5000"
"CITATION","CJ3","Cessna Aircraft Company","Light","Business Jet","Light Jet","5034000","8054000","1","7","8.9","15' 8' (FT)(IN)","4' 9' (FT)(IN)","4' 10' (FT)(IN)","4710","703","14070","13870","10510","8790","12750","123","81","404","278","4478","1090","45000","2770","3180","4750","1875","0","2","FJ44-3A, ","2820","0","5000"
"CITATION","CJ3+","Cessna Aircraft Company","Light","Business Jet","Light Jet","8175000","10415000","1","9","8.9","15' 7' (FT)(IN)","4' 8' (FT)(IN)","4' 8' (FT)(IN)","4710","703","14070","13870","10675","8540","12750","99","81","352","278","4478","808","45000","2422","3180","4750","1918","1814","2","FJ44-3A, FJ44-3AP, ","2820","0","5000"
"CITATION","CJ4","Cessna Aircraft Company","Light","Business Jet","Light Jet","7277000","12645000","2","7","9","17' 3' (FT)(IN)","4' 8' (FT)(IN)","4' 8' (FT)(IN)","5828","870","17230","17110","12500","10254","15660","99","85","454","305","3854","839","45000","2281","3190","4862","1949","1913","2","FJ44-4A, ","3621","0","5000"
"CITATION","CJ4 GEN2","Textron Aviation, Inc.","Light","Business Jet","Light Jet","10000000","11855000","1","10","9","17' 3' (FT)(IN)","4' 8' (FT)(IN)","4' 8' (FT)(IN)","5828","870","17230","17110","12500","10280","15660","99","0","377","305","3854","839","45000","2281","3410","5180","2109","1913","2","FJ44-4A, ","3621","0","5000"
"CITATION","ENCORE","Cessna Aircraft Company","Light","Business Jet","Light Jet","2883000","3900000","2","7","8.9","17' 3' (FT)(IN)","4' 7' (FT)(IN)","4' 8' (FT)(IN)","5400","806","16830","16630","12600","10520","15200","123","98","430","292","4640","1440","45000","2770","3490","5750","1667","0","2","PW535A, ","3400","0","5000"
"CITATION","ENCORE+","Cessna Aircraft Company","Light","Business Jet","Light Jet","4620000","6102000","2","8","8.9","17' 3' (FT)(IN)","4' 8' (FT)(IN)","4' 8' (FT)(IN)","5400","806","17030","16830","12850","10460","15200","97","86","430","292","4620","1440","45000","2770","3520","5830","1792","0","2","PW535B, ","3400","0","5000"
"CITATION","EXCEL","Cessna Aircraft Company","Light","Business Jet","Super Light Jet","3387000","4839000","2","8","9.3","18' 6' (FT)(IN)","5' 7' (FT)(IN)","5' 6' (FT)(IN)","6740","1006","20200","20000","15000","12860","18700","123","90","433","305","3500","699","45000","3180","3560","4730","1839","0","2","PW545A, ","3804","0","5000"
"CITATION","I","Cessna Aircraft Company","Light","Business Jet","Very Light Jet","291000","517000","2","6","8.5","12' 7' (FT)(IN)","4' 3' (FT)(IN)","4' 9' (FT)(IN)","3778","564","12000","11850","8400","7403","11350","117","82","352","262","2900","800","41000","2270","2930","5280","750","0","2","FJ44-2A, JT15D-1A, JT15D-1B, ","2200","0","3500"
"CITATION","I/SP","Cessna Aircraft Company","Light","Business Jet","Very Light Jet","279000","1295000","1","6","8.5","12' 7' (FT)(IN)","4' 3' (FT)(IN)","4' 9' (FT)(IN)","3779","564","12000","11850","9500","7403","11350","117","82","322","277","2719","826","41000","2270","2930","5700","1328","0","2","FJ44-2A, JT15D-1A, JT15D-1B, JT15D-4, JT15D-4B, JT15D-5D, ","2200","0","3500"
"CITATION","II","Cessna Aircraft Company","Light","Business Jet","Light Jet","175000","1695000","2","7","8.7","15' 9' (FT)(IN)","4' 7' (FT)(IN)","4' 8' (FT)(IN)","4971","742","13500","13300","11000","8200","12700","108","82","321","275","3070","1055","43000","2078","3450","6870","1378","0","2","FJ44-3A, JT15D-1A, JT15D-4, ","2500","0","3500"
"CITATION","II/SP","Cessna Aircraft Company","Light","Business Jet","Light Jet","388000","649000","1","7","8.7","15' 8' (FT)(IN)","4' 8' (FT)(IN)","4' 9' (FT)(IN)","4971","742","12700","12500","11000","7648","12000","95","77","375","277","3370","1055","43000","2270","2990","6300","1520","0","2","FJ44-3A, JT15D-4, JT15D-4B, ","2500","0","3500"
"CITATION","III","Cessna Aircraft Company","Medium","Business Jet","Mid-Size Jet","650000","885000","2","8","9.3","18' 7' (FT)(IN)","5' 8' (FT)(IN)","5' 7' (FT)(IN)","7329","1094","21700","22000","16300","13500","20000","125","103","427","346","3699","805","51000","2388","5030","8572","2470","0","2","TFE731-3B-100S, TFE731-3C-100S, TFE731-3CR-100S, ","3650","0","4200"
"CITATION","LATITUDE","Cessna Aircraft Company","Medium","Business Jet","Mid-Size Jet","18090000","19775000","2","9","9.7","21' 8' (FT)(IN)","6' 0' (FT)(IN)","6' 4' (FT)(IN)","11394","1701","31050","30800","21430","18656","27575","123","95","368","305","3800","652","45000","2085","3580","5070","2700","2645","2","PW306D1, ","5907","0","6000"
"CITATION","LONGITUDE","Textron Aircraft, Inc.","Medium","Business Jet","Super Mid-Size Jet","22000000","29995000","2","12","9.7","25' 2' (FT)(IN)","6' 0' (FT)(IN)","6' 4' (FT)(IN)","14500","2164","39700","39500","26800","23600","33500","110","0","449","325","2846","1330","45000","2595","4810","6810","3500","3422","2","HTF7700L, ","7665","0","0"
"CITATION","M2","Cessna Aircraft Company","Light","Business Jet","Light Jet","3419000","6150000","1","6","8.5","11' 0' (FT)(IN)","4' 8' (FT)(IN)","4' 8' (FT)(IN)","3296","492","10800","10700","8400","7004","9900","186","101","379","263","3698","618","41000","2340","3210","5580","1195","1357","2","FJ44-1AP-21, ","1965","0","5000"
"CITATION","M2 GEN 2","Textron Aviation, Inc.","Light","Business Jet","Light Jet","5750000","6150000","1","7","8.5","11' 0' (FT)(IN)","4' 8' (FT)(IN)","4' 8' (FT)(IN)","3296","492","10800","10700","8500","6990","9900","186","101","323","263","3698","618","41000","2340","3210","5580","1204","1357","2","FJ44-1AP-21, ","1965","0","5000"
"CITATION","MUSTANG","Cessna Aircraft Company","Very Light Jet","Business Jet","Very Light Jet","1755000","3218000","1","4","8.3","9' 8' (FT)(IN)","4' 5' (FT)(IN)","4' 6' (FT)(IN)","2580","385","8730","8645","6750","5600","8000","94","73","340","250","3010","432","41000","2137","3110","6600","991","1141","2","PW615F, PW615F-A, ","1695","0","3500"
"CITATION","S/II","Cessna Aircraft Company","Light","Business Jet","Light Jet","595000","2995000","2","8","8.8","16' 0' (FT)(IN)","4' 8' (FT)(IN)","4' 9' (FT)(IN)","5775","862","15300","15100","11200","8900","14400","93","82","410","276","3040","860","43000","2247","3430","6490","1970","0","2","FJ44-3A, JT15D-4B, ","2500","0","3500"
"CITATION","SOVEREIGN","Cessna Aircraft Company","Medium","Business Jet","Mid-Size Jet","6745000","12199000","2","9","9.3","25' 3' (FT)(IN)","5' 8' (FT)(IN)","5' 6' (FT)(IN)","11216","1674","31025","30775","21000","18235","27575","108","93","459","360","4016","1237","47000","2650","3640","4950","3010","0","2","PW306C, ","5770","0","6000"
"CITATION","SOVEREIGN+","Cessna Aircraft Company","Medium","Business Jet","Mid-Size Jet","12917000","18658000","2","9","9.3","25' 3' (FT)(IN)","5' 7' (FT)(IN)","5' 5' (FT)(IN)","11394","1700","31025","30775","21000","18311","27575","108","96","444","305","2846","735","47000","2149","3530","4788","3163","2996","2","PW306D, ","5907","0","6000"
"CITATION","ULTRA","Cessna Aircraft Company","Light","Business Jet","Light Jet","825000","1995000","2","7","8.9","17' 3' (FT)(IN)","4' 6' (FT)(IN)","4' 8' (FT)(IN)","5771","861","16500","16300","12200","9795","15200","94","82","373","336","4230","1185","45000","2870","3180","4730","1524","0","2","JT15D-5A, JT15D-5D, ","3045","0","3500"
"CITATION","V","Cessna Aircraft Company","Light","Business Jet","Light Jet","888000","2050000","2","7","8.9","17' 7' (FT)(IN)","4' 8' (FT)(IN)","4' 9' (FT)(IN)","5771","861","16100","15900","11200","9400","15200","94","82","425","276","3684","1332","45000","2870","3160","4490","1727","0","2","JT15D-5A, ","2900","0","3500"
"CITATION","VI","Cessna Aircraft Company","Medium","Business Jet","Mid-Size Jet","800000","1000000","2","9","9.3","18' 7' (FT)(IN)","5' 8' (FT)(IN)","5' 7' (FT)(IN)","7332","1094","22200","22000","16300","13300","20000","125","98","427","350","3699","805","51000","2900","5030","7545","2345","0","2","TFE731-3B-100S, TFE731-3BR-100S, TFE731-3C-100S, TFE731-3CR-100S, ","3650","0","4200"
"CITATION","VII","Cessna Aircraft Company","Medium","Business Jet","Mid-Size Jet","1371000","2419000","2","9","9.3","18' 4' (FT)(IN)","5' 7' (FT)(IN)","5' 5' (FT)(IN)","7329","1094","23200","23000","16500","14250","20000","0","89","452","336","4315","510","51000","2910","4940","7460","1824","0","2","TFE731-4R-2S, ","4140","0","4200"
"CITATION","X","Cessna Aircraft Company","Heavy","Business Jet","Super Mid-Size Jet","3521000","11736000","2","8","9.3","23' 9' (FT)(IN)","5' 7' (FT)(IN)","5' 5' (FT)(IN)","12931","1930","36400","36100","24400","22100","31800","156","132","525","350","3650","486","51000","2730","5140","7350","3125","3070","2","AE3007C, AE3007C1, AE3007C2, ","9440","0","4500"
"CITATION","X+","Cessna Aircraft Company","Heavy","Business Jet","Super Mid-Size Jet","12108000","18162000","2","8","9.3","25' 2' (FT)(IN)","5' 7' (FT)(IN)","5' 5' (FT)(IN)","12931","1930","36900","36600","24978","22131","32000","156","116","518","350","3650","614","51000","2727","5250","7325","3380","3241","2","AE3007C2, ","9440","0","4500"
"CITATION","XLS","Cessna Aircraft Company","Medium","Business Jet","Super Light Jet","5277000","7196000","2","9","9.3","18' 7' (FT)(IN)","5' 7' (FT)(IN)","5' 5' (FT)(IN)","6740","1006","20400","20200","15100","12800","18700","116","93","433","352","3500","800","45000","2739","3560","5490","1989","0","2","PW545B, ","3991","0","5000"
"CITATION","XLS GEN 2","Textron Aviation, Inc.","Medium","Business Jet","Super Light Jet","15500000","16110000","2","12","9.3","18' 5' (FT)(IN)","5' 7' (FT)(IN)","5' 5' (FT)(IN)","6740","1006","20530","20330","15360","12990","18700","106","0","353","305","0","741","45000","2740","3600","5500","2019","1877","2","PW545C, ","4119","0","5000"
"CITATION","XLS+","Cessna Aircraft Company","Medium","Business Jet","Super Light Jet","7374000","18823000","2","8","9.3","18' 5' (FT)(IN)","5' 7' (FT)(IN)","5' 5' (FT)(IN)","6740","1006","20400","20200","15100","12860","18700","0","106","440","305","3500","765","45000","2740","3560","5430","2018","1853","2","PW545C, ","4119","0","5000"
"DIAMOND","I","Mitsubishi","Light","Business Jet","Light Jet","125000","145000","2","7","9","15' 6' (FT)(IN)","4' 8' (FT)(IN)","4' 9' (FT)(IN)","4268","637","14700","14630","11550","9500","13200","104","91","375","348","3000","810","41000","2700","4100","6700","1510","0","2","JT15D-4, ","2500","0","3500"
"DIAMOND","IA","Mitsubishi","Light","Business Jet","Light Jet","140000","235000","2","7","9.1","15' 6' (FT)(IN)","4' 8' (FT)(IN)","4' 9' (FT)(IN)","4268","637","14700","14630","11550","9410","13200","104","91","375","348","3050","761","41000","2800","3940","7500","1513","0","2","JT15D-4, JT15D-4D, ","2500","0","3500"
"DIAMOND","II","Mitsubishi","Light","Business Jet","Light Jet","220000","220000","2","7","9.1","15' 6' (FT)(IN)","4' 8' (FT)(IN)","4' 9' (FT)(IN)","4255","635","15850","15780","12470","9740","14220","104","77","420","365","3180","1220","41000","2930","3950","6075","1530","0","2","JT15D-5, ","3045","0","3600"
"DORNIER","ENVOY 3","328 Support Services GmbH","Medium","Business Jet","Commercial Jet Airliner","3900000","4995000","2","18","7.5","33' 9' (FT)(IN)","6' 2' (FT)(IN)","7' 2' (FT)(IN)","11048","1649","34789","34524","28814","22840","31724","0","103","341","300","1521","760","35000","4285","4535","6653","2000","0","2","PW306B, ","6050","0","6000"
"ECLIPSE","550","Eclipse Aviation Corporation","Very Light Jet","Business Jet","Very Light Jet","1779000","2463000","1","3","8.7","12' 3' (FT)(IN)","4' 2' (FT)(IN)","4' 7' (FT)(IN)","1682","251","6034","6000","4922","3923","5600","87","69","369","285","3424","500","41000","2340","2394","4171","1015","1125","2","PW610F, PW610F-A, ","950","0","3500"
"ECLIPSE","EA500","Eclipse Aviation Corporation","Very Light Jet","Business Jet","Very Light Jet","889000","1026000","1","5","8.7","5' 2' (FT)(IN)","4' 2' (FT)(IN)","4' 7' (FT)(IN)","1680","251","6034","6000","4922","3923","5600","87","69","369","285","3424","500","41000","2340","2394","4171","1190","1125","2","PW610F, PW610F-A, PW610FA, ","950","0","3500"
"EMBRAER","LEGACY 450","Embraer, SA","Heavy","Business Jet","Mid-Size Jet","14257000","21676000","2","7","9.7","20' 6' (FT)(IN)","6' 0' (FT)(IN)","6' 8' (FT)(IN)","12108","1807","35891","35759","25904","22983","32518","118","105","459","320","3866","831","45000","2090","3907","5189","2919","2904","2","HTF7500E, ","7036","0","0"
"EMBRAER","LEGACY 500","Embraer, SA","Heavy","Business Jet","Super Mid-Size Jet","13878000","22591000","2","8","9.7","24' 6' (FT)(IN)","6' 0' (FT)(IN)","6' 8' (FT)(IN)","13058","1949","38537","38360","26500","23700","34524","113","102","459","320","3866","891","45000","2114","4084","5415","3167","2998","2","HTF7500E, ","7036","0","0"
"EMBRAER","LEGACY 600","Embraer, SA","Heavy","Business Jet","Large Jet","8187000","20834000","2","13","8.4","42' 4' (FT)(IN)","6' 0' (FT)(IN)","6' 9' (FT)(IN)","18170","2712","49758","49604","35274","30081","40785","113","105","447","320","2639","630","41000","3835","5614","7604","3485","3376","2","AE3007A1/1, AE3007A1/3, AE3007A1/P, AE3007A1E, AE3007A1P, ","8895","0","0"
"EMBRAER","LEGACY 650","Embraer, SA","Heavy","Business Jet","Large Jet","9500000","13500000","2","13","8.4","42' 4' (FT)(IN)","6' 0' (FT)(IN)","6' 9' (FT)(IN)","20600","3075","53727","53572","36156","31217","44092","115","105","459","320","3022","633","41000","2346","5741","7979","4123","3839","2","AE3007A2, ","9020","0","0"
"EMBRAER","LEGACY 650E","Embraer, SA","Heavy","Business Jet","Large Jet","13663000","25907000","2","13","8.4","42' 4' (FT)(IN)","6' 0' (FT)(IN)","6' 9' (FT)(IN)","20600","3075","53727","53572","36156","31217","44092","0","115","425","320","3022","633","41000","2346","5741","7979","3953","3839","2","AE3007A2, ","9020","0","0"
"EMBRAER","LEGACY SHUTTLE","Embraer, SA","Heavy","Business Jet","Large Jet","1500000","2500000","2","16","7.8","42' 4' (FT)(IN)","6' 0' (FT)(IN)","6' 9' (FT)(IN)","11321","1690","44312","44092","35274","25829","40785","129","105","425","358","1681","402","37000","2084","5449","6850","1893","0","2","AE3007A1/3, ","7580","0","6700"
"EMBRAER","LINEAGE 1000","Embraer, SA","Heavy","Business Jet","Airline Business Jet","13303000","19618000","3","19","8.8","84' 3' (FT)(IN)","6' 6' (FT)(IN)","8' 8' (FT)(IN)","48217","7197","120593","120152","80469","70548","100972","175","110","454","320","2464","720","41000","2038","6076","9500","3965","4532","2","CF34-10E7-B, ","18500","0","0"
"EMBRAER","LINEAGE 1000E","Embraer, SA","Heavy","Business Jet","Airline Business Jet","24387000","35159000","3","19","8.8","84' 3' (FT)(IN)","6' 6' (FT)(IN)","8' 8' (FT)(IN)","48217","7197","120593","120152","80469","70548","100972","175","110","454","320","0","0","41000","2038","6076","9500","3965","4532","2","CF34-10E7-B, ","18500","0","0"
"EMBRAER","PHENOM 100","Embraer, SA","Light","Business Jet","Very Light Jet","1195000","2037000","1","5","8.3","11' 0' (FT)(IN)","4' 9' (FT)(IN)","5' 1' (FT)(IN)","2804","419","10626","10582","8554","7220","9877","106","94","371","277","3061","560","41000","2466","3123","6609","1071","0","2","PW617E, PW617F, PW617F-E, ","1615","0","3500"
"EMBRAER","PHENOM 100E","Embraer, SA","Light","Business Jet","Very Light Jet","2623000","3358000","1","5","8.3","11' 0' (FT)(IN)","4' 9' (FT)(IN)","5' 1' (FT)(IN)","2804","419","10626","10582","8885","7132","9766","121","89","371","277","0","521","41000","2722","3125","5927","1178","1194","2","PW617F-E, ","1820","0","3500"
"EMBRAER","PHENOM 100EV","Embraer Executive Aircraft, Inc.","Light","Business Jet","Very Light Jet","2037000","4995000","1","7","8.3","11' 0' (FT)(IN)","4' 9' (FT)(IN)","5' 1' (FT)(IN)","2804","419","10748","10703","9072","7297","9998","95","0","340","275","1947","747","41000","2473","3190","5663","1113","1194","2","PW617F1-E, ","1780","0","3500"
"EMBRAER","PHENOM 300","Embraer Executive Aircraft, Inc.","Light","Business Jet","Light Jet","5400000","8500000","1","7","9.4","17' 2' (FT)(IN)","4' 9' (FT)(IN)","5' 1' (FT)(IN)","5353","799","18497","18387","14220","11583","17042","100","89","383","320","2642","918","45000","2220","3138","5114","2019","1877","2","PW535E, ","3360","0","5000"
"EMBRAER","PHENOM 300E","Embraer Executive Aircraft, Inc.","Light","Business Jet","Light Jet","6679000","10995000","1","9","9.4","17' 2' (FT)(IN)","4' 9' (FT)(IN)","5' 1' (FT)(IN)","5404","807","18618","18552","14264","11628","17273","103","89","385","320","2642","872","45000","2212","3209","5374","2033","1932","2","PW535E, PW535E1, ","3360","0","5000"
"EMBRAER","PRAETOR 500","Embraer, SA","Heavy","Business Jet","Mid-Size Jet","11000000","18995000","2","9","9.7","20' 6' (FT)(IN)","6' 0' (FT)(IN)","6' 8' (FT)(IN)","13051","1948","37699","37567","25959","23038","34172","101","0","426","320","0","743","45000","2086","4222","5692","3412","3282","2","HTF7500E, ","7036","0","0"
"EMBRAER","PRAETOR 600","Embraer, SA","Heavy","Business Jet","Super Mid-Size Jet","21995000","23554000","2","12","9.7","24' 1' (FT)(IN)","6' 0' (FT)(IN)","6' 8' (FT)(IN)","16138","2409","42990","42857","28660","24658","37478","104","0","433","320","0","777","45000","2165","4717","6431","4040","3878","2","HTF7500E, ","7036","0","0"
"FALCON","10","Dassault Aviation","Light","Business Jet","Light Jet","125000","350000","2","7","8.8","12' 9' (FT)(IN)","4' 7' (FT)(IN)","4' 8' (FT)(IN)","5910","882","18743","18743","13560","11200","17200","97","88","459","378","4600","1535","45000","2750","4615","7600","1828","0","2","TFE731-2-1C, TFE731-2-2C, TFE731-2C-1C, ","3500","0","4200"
"FALCON","100","Dassault Aviation","Light","Business Jet","Light Jet","695000","795000","2","8","8.8","12' 9' (FT)(IN)","4' 7' (FT)(IN)","4' 8' (FT)(IN)","5909","882","18740","18740","13560","11200","17640","0","84","459","396","4600","1535","35000","2750","4500","7600","1475","0","2","TFE731-2-1C, TFE731-2-2B, TFE731-2-2C, TFE731-2C-1C, TFE731-2C-2, TFE731-5AR, ","3500","0","4200"
"FALCON","200","Dassault Aviation","Medium","Business Jet","Super Mid-Size Jet","600000","750000","2","9","8.5","24' 0' (FT)(IN)","5' 7' (FT)(IN)","6' 1' (FT)(IN)","10687","1595","32000","32000","22500","19200","28880","0","110","435","359","3065","830","42000","2860","5260","8750","2204","0","2","ATF3-6A-4C, ","5200","1100","3000"
"FALCON","2000","Dassault Aviation","Heavy","Business Jet","Large Jet","3682000","9972000","2","10","9.3","26' 3' (FT)(IN)","6' 2' (FT)(IN)","7' 7' (FT)(IN)","12155","1814","36000","35800","28660","22750","33000","112","86","459","382","3730","377","47000","2579","5440","7656","3130","0","2","CFE738-1-1B, ","5918","0","5000"
"FALCON","2000DX","Dassault Aviation","Heavy","Business Jet","Large Jet","12552000","12821000","2","10","9.3","26' 3' (FT)(IN)","6' 2' (FT)(IN)","7' 7' (FT)(IN)","14600","2179","41200","41000","29700","23190","39300","112","86","459","382","4575","490","47000","4333","5300","7535","3440","0","2","PW308C, ","7002","0","7000"
"FALCON","2000EX","Dassault Aviation","Heavy","Business Jet","Large Jet","8820000","9389000","2","10","9.3","26' 3' (FT)(IN)","6' 2' (FT)(IN)","7' 7' (FT)(IN)","14600","2179","42200","42200","29700","24000","39300","112","86","459","382","4375","490","47000","4333","5585","8120","4045","0","2","PW308C, ","7002","0","7000"
"FALCON","2000EX EASy","Dassault Aviation","Heavy","Business Jet","Large Jet","11820000","16330000","2","10","9.3","26' 2' (FT)(IN)","6' 2' (FT)(IN)","7' 7' (FT)(IN)","16660","2487","42200","42200","29700","24000","39300","112","86","459","368","4375","490","47000","4333","5585","7535","4045","0","2","PW308C, ","7002","0","7000"
"FALCON","2000LX","Dassault Aviation","Heavy","Business Jet","Large Jet","14041000","21020000","2","10","9.3","26' 3' (FT)(IN)","6' 2' (FT)(IN)","7' 7' (FT)(IN)","16660","2487","43000","42800","29700","23585","39300","113","87","453","377","4350","490","47000","2260","4675","6840","4185","0","2","PW308C, ","7002","0","7000"
"FALCON","2000LXS","Dassault Aviation","Heavy","Business Jet","Large Jet","20392000","36000000","2","10","9.3","26' 2' (FT)(IN)","6' 2' (FT)(IN)","7' 7' (FT)(IN)","16660","2487","43000","42800","29700","24750","39300","106","0","437","370","4310","463","47000","2295","4675","6840","4100","3990","2","PW308C, ","7002","0","7000"
"FALCON","2000S","Dassault Aviation","Heavy","Business Jet","Large Jet","17493000","28215000","2","10","9.3","26' 2' (FT)(IN)","6' 2' (FT)(IN)","7' 7' (FT)(IN)","14600","2179","41200","41000","29700","24750","39300","123","106","453","370","4535","528","47000","2295","4325","6055","3638","3445","2","PW308C, ","7002","0","7000"
"FALCON","20C","Dassault Aviation","Medium","Business Jet","Super Mid-Size Jet","175000","300000","2","9","8.3","24' 0' (FT)(IN)","5' 7' (FT)(IN)","6' 1' (FT)(IN)","8328","1243","26675","26455","18956","17000","26455","94","90","457","381","3500","800","42000","2940","3800","8645","1200","0","2","CF700-2, CF700-2C, CF700-2D, CF700-2D2, CF700-2D2-Q, ","4301","0","5000"
"FALCON","20C-5","Dassault Aviation","Medium","Business Jet","Super Mid-Size Jet","550000","600000","2","9","8.5","24' 0' (FT)(IN)","5' 7' (FT)(IN)","6' 1' (FT)(IN)","8328","1243","29100","29100","22000","16900","27734","126","108","436","360","3500","405","42000","3233","6650","9206","2100","0","2","TFE731-5AR, TFE731-5AR-2C, TFE731-5BR, ","4500","0","4200"
"FALCON","20D","Dassault Aviation","Medium","Business Jet","Super Mid-Size Jet","175000","300000","2","9","8.3","24' 0' (FT)(IN)","5' 7' (FT)(IN)","6' 1' (FT)(IN)","8850","1321","27537","27337","22000","15800","27320","94","90","457","381","3500","800","42000","4850","6400","9100","1630","0","2","CF700-2, CF700-2D, CF700-2D2, CF700-2D2-Q, ","4301","0","5000"
"FALCON","20D-5","Dassault Aviation","Medium","Business Jet","Super Mid-Size Jet","550000","600000","2","9","8.5","24' 0' (FT)(IN)","5' 7' (FT)(IN)","6' 1' (FT)(IN)","8851","1321","29100","29100","22000","18150","27734","126","100","436","363","3500","337","42000","2455","5400","9206","2257","0","2","TFE731-5AR, TFE731-5BR, TFE731-5BR-2C, ","4500","0","4200"
"FALCON","20E","Dassault Aviation","Medium","Business Jet","Super Mid-Size Jet","250000","350000","2","9","8.3","24' 0' (FT)(IN)","5' 7' (FT)(IN)","6' 1' (FT)(IN)","8850","1321","28660","28660","22000","15800","27320","94","90","457","381","3500","800","42000","4850","6400","9100","1630","0","2","CF700-2D2, CF700-2D2-Q, ","4500","0","5000"
"FALCON","20E-5","Dassault Aviation","Medium","Business Jet","Super Mid-Size Jet","600000","700000","2","9","8.5","24' 0' (FT)(IN)","5' 7' (FT)(IN)","6' 1' (FT)(IN)","8851","1321","29100","29100","22000","18150","27734","126","82","436","363","3500","337","42000","2455","5400","9206","2257","0","2","TFE731-5AR, TFE731-5BR, TFE731-5BR-2, TFE731-5BR-2C, ","4500","0","4200"
"FALCON","20F","Dassault Aviation","Medium","Business Jet","Super Mid-Size Jet","250000","450000","2","9","8.3","24' 0' (FT)(IN)","5' 7' (FT)(IN)","6' 1' (FT)(IN)","9119","1361","28660","28660","22000","16370","27320","94","88","410","342","3330","715","42000","2450","4950","9100","1610","0","2","CF700-2D2, CF700-2D2-Q, ","4500","0","5000"
"FALCON","20F-5","Dassault Aviation","Medium","Business Jet","Super Mid-Size Jet","1495000","1995000","2","9","8.5","24' 0' (FT)(IN)","5' 7' (FT)(IN)","6' 1' (FT)(IN)","9119","1361","29100","29100","22000","18150","27734","126","102","436","363","3500","337","42000","2455","5400","9206","2257","0","2","TFE731-5AR, TFE731-5AR-2C, TFE731-5BR, TFE731-5BR-2C, ","4500","0","4200"
"FALCON","20G","Dassault Aviation","Medium","Business Jet","Super Mid-Size Jet","1295000","2500000","2","9","8.3","24' 4' (FT)(IN)","5' 7' (FT)(IN)","6' 1' (FT)(IN)","9178","1370","32000","32000","22500","19200","27560","103","89","435","362","3065","830","42000","2860","5260","8750","2204","0","2","ATF3-6, ","5050","1055","3000"
"FALCON","50","Dassault Aviation","Heavy","Business Jet","Super Mid-Size Jet","1559000","3950000","2","9","9.5","22' 11' (FT)(IN)","5' 9' (FT)(IN)","6' 1' (FT)(IN)","15510","2315","40780","38800","25570","21900","35715","124","95","431","342","2176","601","49000","2900","4700","6670","3200","0","3","TFE731-3-1C, TFE731-3-1D, TFE731-3D-1C, TFE731-4-1C, TFE731-40, ","3700","0","4200"
"FALCON","50-4","Dassault Aviation","Heavy","Business Jet","Super Mid-Size Jet","850000","1500000","2","9","9.5","23' 5' (FT)(IN)","5' 8' (FT)(IN)","6' 1' (FT)(IN)","15520","2316","40780","38820","25570","22200","35715","124","95","458","382","3430","601","49000","3500","4700","0","3210","0","3","TFE731-4-1C, ","4080","0","5000"
"FALCON","50-40","Dassault Aviation","Heavy","Business Jet","Super Mid-Size Jet","850000","1000000","2","9","9.2","22' 11' (FT)(IN)","5' 9' (FT)(IN)","6' 1' (FT)(IN)","15510","2315","40780","39700","25570","21800","35715","124","95","459","382","2176","671","49000","2920","4935","7247","3260","0","3","TFE731-40, TFE731-40-1C, TFE731-40C, ","4250","0","6000"
"FALCON","50EX","Dassault Aviation","Heavy","Business Jet","Super Mid-Size Jet","4168000","7822000","2","9","9.2","22' 11' (FT)(IN)","5' 9' (FT)(IN)","6' 1' (FT)(IN)","15520","2315","39900","39700","25570","21800","35715","124","95","459","382","3515","671","49000","2159","4935","7247","3388","0","3","TFE731-40, TFE731-40-1C, ","4250","0","6000"
"FALCON","6X","Dassault Aviation","Heavy","Business Jet","Large Long-Range Jet","47000000","53800000","3","14","10.2","40' 4' (FT)(IN)","6' 5' (FT)(IN)","8' 5' (FT)(IN)","33790","5043","77660","77460","45920","40880","66190","107","0","459","370","0","0","51000","2460","5480","7155","5535","5350","2","PW812D, ","13500","0","5000"
"FALCON","7X","Dassault Aviation","Heavy","Business Jet","Large Long-Range Jet","17905000","54200000","3","14","10.2","39' 1' (FT)(IN)","6' 2' (FT)(IN)","7' 7' (FT)(IN)","31940","4767","70200","70000","41000","36600","62400","106","0","459","370","3880","597","51000","2120","5710","8045","5795","5670","3","PW307A, ","6405","0","7200"
"FALCON","8X","Dassault Aviation","Heavy","Business Jet","Large Ultra Long-Range Jet","42735000","63800000","3","14","10.2","42' 7' (FT)(IN)","6' 2' (FT)(IN)","7' 7' (FT)(IN)","35141","5245","73200","73000","41000","36800","62400","107","0","459","370","3880","774","51000","2245","5880","8540","6415","6325","3","PW307D, ","6725","0","0"
"FALCON","900","Dassault Aviation","Heavy","Business Jet","Large Long-Range Jet","3416000","7104000","2","12","9.3","32' 9' (FT)(IN)","6' 2' (FT)(IN)","7' 7' (FT)(IN)","19165","2860","45700","45500","28220","24683","42000","103","85","466","370","3755","645","51000","3633","5144","7510","4080","0","3","TFE731-5AR, TFE731-5BR, TFE731-5BR-1C, TFE731-60-1C, ","4500","0","4200"
"FALCON","900C","Dassault Aviation","Heavy","Business Jet","Large Long-Range Jet","7934000","11941000","2","12","9.3","33' 2' (FT)(IN)","6' 2' (FT)(IN)","7' 7' (FT)(IN)","19165","2860","45700","45500","28220","24200","42000","103","79","466","388","3755","645","51000","3633","5144","7693","4080","0","3","TFE731-5BR-1C, ","4750","0","5000"
"FALCON","900DX","Dassault Aviation","Heavy","Business Jet","Large Long-Range Jet","16591000","22467000","2","12","9.3","33' 2' (FT)(IN)","6' 2' (FT)(IN)","7' 8' (FT)(IN)","18830","2810","46900","46700","30864","24470","42200","109","84","459","367","3880","796","51000","3633","4890","6910","4290","0","3","TFE731-60, TFE731-60-1C, ","5000","0","5000"
"FALCON","900EX","Dassault Aviation","Heavy","Business Jet","Large Long-Range Jet","10708000","13464000","2","12","9.3","33' 2' (FT)(IN)","6' 2' (FT)(IN)","7' 8' (FT)(IN)","21000","3134","48500","48300","30864","26000","44500","109","84","459","328","3880","755","51000","3750","5215","7215","4725","0","3","TFE731-60, TFE731-60-1C, ","5000","0","5000"
"FALCON","900EX EASy","Dassault Aviation","Heavy","Business Jet","Large Long-Range Jet","16183000","24907000","2","12","9.3","33' 2' (FT)(IN)","6' 1' (FT)(IN)","7' 8' (FT)(IN)","21000","3134","49200","49000","30864","26000","44500","109","84","459","338","3880","703","51000","3750","5215","7214","4725","0","3","TFE731-60, TFE731-60-1C, ","5000","0","5000"
"FALCON","900LX","Dassault Aviation","Heavy","Business Jet","Large Long-Range Jet","25794000","44700000","2","12","9.6","33' 2' (FT)(IN)","6' 2' (FT)(IN)","7' 7' (FT)(IN)","20905","3120","49200","49000","30864","26750","44500","111","0","431","370","3880","723","51000","2455","5360","7615","4685","4565","3","TFE731-60, TFE731-60-1C, ","5000","0","5000"
"GLOBAL","5000","Bombardier Inc.","Heavy","Business Jet","Large Long-Range Jet","11108000","54190000","3","13","10.3","40' 7' (FT)(IN)","6' 2' (FT)(IN)","7' 9' (FT)(IN)","38959","5815","92750","92500","58000","50861","78600","0","107","488","340","3450","457","51000","2189","5540","7223","5350","5395","2","BR710A2-20, ","14750","0","0"
"GLOBAL","5500","Bombardier Inc.","Heavy","Business Jet","Large Long-Range Jet","35141000","47400000","3","16","10.3","40' 7' (FT)(IN)","6' 2' (FT)(IN)","7' 9' (FT)(IN)","38967","5816","92750","92500","58000","50861","78600","108","0","488","340","0","523","51000","2195","5340","7284","6310","5893","2","BR700-710D5-21, Pearl-15, ","15125","0","0"
"GLOBAL","6000","Bombardier Inc.","Heavy","Business Jet","Large Ultra Long-Range Jet","25955000","62300000","4","13","10.3","43' 3' (FT)(IN)","6' 2' (FT)(IN)","7' 9' (FT)(IN)","45050","6724","99750","99500","58000","52230","78600","142","110","470","340","3300","474","51000","2243","6476","7880","5560","6130","2","BR710A2-20, ","14750","0","0"
"GLOBAL","6500","Bombardier Inc.","Heavy","Business Jet","Large Ultra Long-Range Jet","41797000","58000000","4","17","10.3","43' 3' (FT)(IN)","6' 2' (FT)(IN)","7' 9' (FT)(IN)","44715","6674","99750","99500","58000","52230","78600","109","0","488","340","0","0","51000","2231","6145","8509","6990","6547","2","BR700-710D5-21, Pearl-15, ","15125","0","0"
"GLOBAL","7500","Bombardier Inc.","Heavy","Business Jet","Large Ultra Long-Range Jet","59850000","78000000","4","19","10.3","54' 4' (FT)(IN)","6' 2' (FT)(IN)","8' 0' (FT)(IN)","51510","7688","115100","114850","67500","61700","87600","108","0","488","320","0","418","51000","2240","5760","8679","7800","7700","2","GEPassport  20, Passport20, Passport20-19BB1A, ","18920","0","0"
"GLOBAL","8000","Bombardier Inc.","Heavy","","Large Ultra Long-Range Jet","72000000","81000000","4","19","10.7","54' 4' (FT)(IN)","6' 2' (FT)(IN)","8' 0' (FT)(IN)","51925","7750","115100","114850","67500","60900","87600","108","0","488","320","0","0","51000","2216","5760","8679","7800","7949","2","Passport20-19BB1A, ","18920","0","0"
"GLOBAL","EXPRESS","Bombardier Inc.","Heavy","Business Jet","Large Ultra Long-Range Jet","7316000","9926000","3","13","9.6","48' 4' (FT)(IN)","6' 3' (FT)(IN)","8' 2' (FT)(IN)","43170","6443","95250","95000","56000","50300","78600","129","96","488","407","3450","522","51000","3667","6170","7880","6125","6200","2","BR710-48-C2, BR710A2-20, ","16000","0","0"
"GLOBAL","EXPRESS XRS","Bombardier Inc.","Heavy","Business Jet","Large Ultra Long-Range Jet","14709000","22451000","3","13","10.3","48' 4' (FT)(IN)","6' 3' (FT)(IN)","8' 2' (FT)(IN)","44642","6663","98250","98000","56000","51500","78600","129","107","488","407","3300","474","51000","3667","6190","7880","6226","0","2","BR710A2-20, ","14750","0","0"
"GULFSTREAM","G-500","Gulfstream Aerospace Corporation","Heavy","Business Jet","Large Ultra Long-Range Jet","12500000","15500000","4","19","10.2","50' 1' (FT)(IN)","6' 2' (FT)(IN)","7' 3' (FT)(IN)","40994","6119","91400","91000","54500","48300","75300","100","86","488","340","3950","707","51000","3667","5960","9070","5991","0","2","BR710C4-11, PW814GA, ","15144","0","10000"
"GULFSTREAM","G-II","Gulfstream Aerospace Corporation","Heavy","Business Jet","Large Jet","175000","625000","3","11","9.5","33' 9' (FT)(IN)","6' 1' (FT)(IN)","7' 3' (FT)(IN)","23300","3478","65300","64800","42000","36944","58500","125","108","459","378","4345","1520","45000","3200","5700","9500","2600","0","2","Spey MK 511-8, ","11400","0","8000"
"GULFSTREAM","G-IIB","Gulfstream Aerospace Corporation","Heavy","Business Jet","Large Jet","200000","625000","3","11","9.5","33' 9' (FT)(IN)","6' 1' (FT)(IN)","7' 3' (FT)(IN)","28300","4224","70200","69700","44000","39450","58500","125","104","459","378","4049","1403","45000","3250","5112","0","3180","0","2","Spey MK 511-8, ","11400","0","8000"
"GULFSTREAM","G-III","Gulfstream Aerospace Corporation","Heavy","Business Jet","Large Jet","750000","1350000","3","14","9.5","41' 3' (FT)(IN)","6' 1' (FT)(IN)","7' 3' (FT)(IN)","28300","4224","70200","69700","44000","39300","58500","122","108","459","378","4049","1105","45000","3180","5500","8500","3600","0","2","Spey MK 511-8, ","11400","0","8000"
"GULFSTREAM","G-IV","Gulfstream Aerospace Corporation","Heavy","Business Jet","Large Long-Range Jet","3333000","4242000","3","14","9.5","45' 1' (FT)(IN)","6' 1' (FT)(IN)","7' 3' (FT)(IN)","29500","4403","73600","73200","46500","43500","58500","124","116","476","379","4219","798","45000","3380","5280","7985","4200","4216","2","Tay MK 610-8, Tay MK 611-8, ","12409","0","8000"
"GULFSTREAM","G-IV (G400)","Gulfstream Aerospace Corporation","Heavy","Business Jet","Large Long-Range Jet","9664000","9819000","3","13","9.6","45' 1' (FT)(IN)","6' 2' (FT)(IN)","7' 3' (FT)(IN)","29500","4403","75000","74600","49000","43900","66000","112","98","476","395","3640","701","45000","4417","5700","8320","4166","0","2","Tay MK 611-8, ","13850","0","8000"
"GULFSTREAM","G-IVSP","Gulfstream Aerospace Corporation","Heavy","Business Jet","Large Long-Range Jet","4991000","8890000","3","14","9.5","45' 1' (FT)(IN)","6' 1' (FT)(IN)","7' 3' (FT)(IN)","29500","4403","75000","74600","49000","43500","66000","124","116","476","395","4276","779","45000","4458","5700","9030","4166","0","2","Tay MK 611-8, ","13850","0","8000"
"GULFSTREAM","G-V","Gulfstream Aerospace Corporation","Heavy","Business Jet","Large Long-Range Jet","9205000","12552000","3","13","10.1","50' 1' (FT)(IN)","6' 1' (FT)(IN)","7' 3' (FT)(IN)","41300","6164","90900","90500","54500","48400","75300","139","118","488","396","3610","820","51000","3750","6200","9150","6675","0","2","BR710A1-10, BR710A2-20, BR710C4-10, ","14750","0","0"
"GULFSTREAM","G100","Israel Aircraft Industries, Ltd.","Medium","Business Jet","Mid-Size Jet","2352000","3087000","2","7","8.8","17' 1' (FT)(IN)","5' 6' (FT)(IN)","4' 8' (FT)(IN)","9365","1398","24800","24650","17000","14365","20700","118","89","459","378","3400","493","45000","2520","5395","8700","2910","0","2","TFE731-40R-200G, ","4250","0","5000"
"GULFSTREAM","G150","Israel Aircraft Industries, Ltd.","Medium","Business Jet","Mid-Size Jet","3638000","8611000","2","7","8.8","17' 7' (FT)(IN)","5' 8' (FT)(IN)","5' 8' (FT)(IN)","10300","1537","26250","26100","17500","15200","21700","142","115","459","330","3340","438","45000","2442","5012","8120","3130","3011","2","TFE731-40AR, TFE731-40AR-200G, ","4420","0","6000"
"GULFSTREAM","G200","Israel Aircraft Industries, Ltd.","Heavy","Business Jet","Super Mid-Size Jet","3950000","8226000","3","8","8.9","24' 5' (FT)(IN)","6' 3' (FT)(IN)","7' 2' (FT)(IN)","15000","2239","35600","35450","24000","19950","30000","130","96","459","378","3700","395","45000","4352","6600","8804","3530","0","2","PW306A, ","6040","0","6000"
"GULFSTREAM","G280","Israel Aircraft Industries, Ltd.","Heavy","Business Jet","Super Mid-Size Jet","12825000","24500000","2","10","9.2","25' 8' (FT)(IN)","6' 1' (FT)(IN)","6' 9' (FT)(IN)","14600","2179","39750","39600","28200","24200","32700","115","0","459","340","5000","680","45000","2365","4750","7320","3700","3688","2","HTF7250G, ","7624","0","0"
"GULFSTREAM","G300","Gulfstream Aerospace Corporation","Heavy","Business Jet","Large Jet","4480000","5040000","3","13","9.6","41' 3' (FT)(IN)","6' 1' (FT)(IN)","7' 3' (FT)(IN)","26900","4015","72400","72000","49000","43500","66000","111","97","476","395","3805","767","45000","4417","4700","7700","3820","0","2","Tay MK 611-8, ","13850","0","8000"
"GULFSTREAM","G350","Gulfstream Aerospace Corporation","Heavy","Business Jet","Large Jet","6610000","12118000","3","14","9.6","45' 1' (FT)(IN)","6' 2' (FT)(IN)","7' 3' (FT)(IN)","25807","3852","71300","70900","49000","42700","66000","0","0","476","397","3960","736","45000","4417","5065","7336","3900","0","2","Tay MK 611-8C, ","13850","0","12000"
"GULFSTREAM","G450","Gulfstream Aerospace Corporation","Heavy","Business Jet","Large Long-Range Jet","12187000","26513000","3","14","9.6","37' 0' (FT)(IN)","6' 2' (FT)(IN)","7' 3' (FT)(IN)","29281","4370","75000","74600","49000","43200","66000","123","116","476","340","4213","712","45000","2663","5600","8200","4425","4216","2","BR710A2-20, Tay MK 611-8C, ","13850","0","12000"
"GULFSTREAM","G500","Gulfstream Aerospace Corporation","Heavy","Business Jet","Large Long-Range Jet","40446000","49500000","2","19","10.7","41' 5' (FT)(IN)","6' 2' (FT)(IN)","7' 6' (FT)(IN)","30250","4515","80000","79600","52100","46850","64350","117","0","488","340","0","644","51000","2645","5300","7300","5400","5238","2","PW814GA, ","15144","0","10000"
"GULFSTREAM","G550","Gulfstream Aerospace Corporation","Heavy","Business Jet","Large Ultra Long-Range Jet","15456000","42733000","4","18","10.2","42' 6' (FT)(IN)","6' 0' (FT)(IN)","7' 0' (FT)(IN)","40994","6119","91400","91000","54500","48700","75300","134","112","476","340","3650","610","51000","2240","5910","9070","6954","6698","2","BR710C4-11, BR710E4-11, ","15385","0","8000"
"GULFSTREAM","G600","Gulfstream Aerospace Corporation","Heavy","Business Jet","Large Ultra Long-Range Jet","53550000","59500000","4","19","10.7","45' 2' (FT)(IN)","6' 2' (FT)(IN)","7' 6' (FT)(IN)","41500","6194","95000","94600","57440","50900","76800","109","0","488","340","0","403","51000","2365","5700","8493","6630","6544","2","PW815GA, ","15680","0","0"
"GULFSTREAM","G650","Gulfstream Aerospace Corporation","Heavy","Business Jet","Large Ultra Long-Range Jet","33876000","68500000","4","19","10.7","46' 8' (FT)(IN)","6' 3' (FT)(IN)","8' 2' (FT)(IN)","44200","6597","100000","99600","60500","54500","83500","115","0","488","340","3570","503","51000","2445","5858","8771","6890","6959","2","BR725, BR725A1-12, ","15600","0","0"
"GULFSTREAM","G650ER","Gulfstream Aerospace Corporation","Heavy","Business Jet","Large Ultra Long-Range Jet","38548000","70500000","4","19","10.7","46' 8' (FT)(IN)","6' 3' (FT)(IN)","8' 2' (FT)(IN)","48200","7194","104000","103600","60500","54500","83500","115","0","488","340","0","435","51000","2445","6299","11131","7437","7507","2","BR725A1-12, ","16900","0","0"
"GULFSTREAM","G700","Gulfstream Aerospace Corporation","Heavy","Business Jet","Large Ultra Long-Range Jet","78000000","79900000","4","19","10.7","56' 9' (FT)(IN)","6' 3' (FT)(IN)","8' 2' (FT)(IN)","49400","7373","108000","107600","62750","56365","83500","117","0","488","340","0","0","51000","2570","6250","9977","7510","7450","2","Pearl-700, ","18250","0","0"
"GULFSTREAM","G800","Gulfstream Aerospace Corporation","Heavy","Business Jet","Large Ultra Long-Range Jet","71500000","72500000","4","19","10.7","46' 8' (FT)(IN)","6' 3' (FT)(IN)","8' 2' (FT)(IN)","49400","7373","106000","105600","60500","54300","83500","115","0","488","340","0","0","51000","2500","6000","9872","8025","7952","2","Pearl-700, ","18250","0","0"
"HAWKER","1000A","British Aerospace","Medium","Business Jet","Mid-Size Jet","1850000","3800000","3","8","8.6","24' 4' (FT)(IN)","5' 8' (FT)(IN)","6' 0' (FT)(IN)","11376","1698","31100","31000","19800","17900","25000","119","108","390","313","3577","797","43000","2600","5950","11200","3098","0","2","PW305, PW305B, ","4679","0","5000"
"HAWKER","1000B","British Aerospace","Medium","Business Jet","Mid-Size Jet","850000","1050000","2","8","8.6","24' 4' (FT)(IN)","5' 8' (FT)(IN)","6' 0' (FT)(IN)","11376","1698","31100","31000","19800","17900","25000","119","108","390","313","3577","797","43000","2600","5950","11200","2500","0","2","PW305, PW305B, ","4679","0","5000"
"HAWKER","125-1A","British Aerospace","Medium","Business Jet","Mid-Size Jet","150000","150000","2","6","8.3","19' 4' (FT)(IN)","5' 9' (FT)(IN)","5' 9' (FT)(IN)","8251","1232","21200","21200","13000","11000","19550","93","110","425","353","4000","0","40000","1900","3600","0","2100","0","2","Viper 301, Viper 521, Viper 522, ","3360","0","5000"
"HAWKER","125-1AS","British Aerospace","Medium","Business Jet","Mid-Size Jet","150000","150000","2","6","8.4","19' 4' (FT)(IN)","5' 9' (FT)(IN)","5' 9' (FT)(IN)","8254","1232","21900","21700","13700","12000","19550","110","96","434","362","4000","0","40000","1960","4800","0","2100","0","2","TFE731-3R-1H, ","3700","0","4200"
"HAWKER","125-1B","British Aerospace","Medium","Business Jet","Mid-Size Jet","150000","150000","2","6","8.3","19' 4' (FT)(IN)","5' 9' (FT)(IN)","5' 11' (FT)(IN)","8251","1232","21200","21200","13000","11000","19550","110","93","425","353","4000","0","40000","1900","3600","0","2100","0","2","Viper 521, Viper 522, ","3360","0","5000"
"HAWKER","125-1BS","British Aerospace","Medium","","Mid-Size Jet","150000","150000","2","6","8.4","19' 4' (FT)(IN)","5' 9' (FT)(IN)","5' 9' (FT)(IN)","8254","1232","21900","21700","13700","12000","19550","110","100","434","362","4000","0","40000","1960","4800","0","2100","0","2","TFE731-3R-1H, ","3700","0","4200"
"HAWKER","125-3A","British Aerospace","Medium","Business Jet","Mid-Size Jet","150000","150000","2","7","8.4","19' 4' (FT)(IN)","5' 9' (FT)(IN)","5' 9' (FT)(IN)","8254","1232","21200","21700","13500","12000","20000","110","93","434","362","4000","0","40000","1960","4800","0","2100","0","2","Viper 522, ","3360","0","5000"
"HAWKER","125-3A/RA","British Aerospace","Medium","Business Jet","Mid-Size Jet","150000","150000","2","7","8.4","19' 4' (FT)(IN)","5' 9' (FT)(IN)","5' 9' (FT)(IN)","9152","1366","23100","22700","14200","13800","20000","110","93","443","371","3100","656","40000","2450","3800","0","2100","0","2","Viper 522, ","3360","0","5000"
"HAWKER","125-3A/RAS","British Aerospace","Medium","Business Jet","Mid-Size Jet","150000","150000","2","7","8.4","19' 4' (FT)(IN)","5' 9' (FT)(IN)","5' 9' (FT)(IN)","9152","1366","23800","23600","14700","13800","20000","110","100","443","371","3100","656","40000","2450","3800","0","2100","0","2","TFE731-3R-1H, ","3700","0","4200"
"HAWKER","125-3AS","British Aerospace","Medium","Business Jet","Mid-Size Jet","150000","150000","2","7","8.4","19' 4' (FT)(IN)","5' 9' (FT)(IN)","5' 9' (FT)(IN)","8254","1232","21900","21700","13700","12000","20000","110","100","434","362","3000","0","40000","1960","4800","0","2100","0","2","TFE731-3R-1H, ","3700","0","4200"
"HAWKER","125-3B","British Aerospace","Medium","Business Jet","Mid-Size Jet","150000","150000","2","7","8.4","19' 4' (FT)(IN)","5' 9' (FT)(IN)","5' 9' (FT)(IN)","8254","1232","21700","21700","13500","12000","20000","110","93","434","362","4000","0","40000","1960","4800","0","2100","0","2","Viper 522, ","3360","0","5000"
"HAWKER","125-3B/RA","British Aerospace","Medium","Business Jet","Mid-Size Jet","150000","150000","2","7","8.4","19' 4' (FT)(IN)","5' 9' (FT)(IN)","5' 9' (FT)(IN)","9152","1366","23100","22700","14200","13800","20000","110","93","443","371","3100","656","40000","2450","3800","0","2100","0","2","Viper 522, ","3360","0","5000"
"HAWKER","125-3B/RAS","British Aerospace","Medium","Business Jet","Mid-Size Jet","150000","150000","2","7","8.4","19' 4' (FT)(IN)","5' 9' (FT)(IN)","5' 9' (FT)(IN)","9152","1366","23800","23600","14700","13800","20000","110","100","443","371","3100","656","40000","2450","5100","0","2100","0","2","TFE731-3R-1H, ","3700","0","4200"
"HAWKER","125-3BS","British Aerospace","Medium","Business Jet","Mid-Size Jet","150000","150000","2","7","8.4","19' 4' (FT)(IN)","5' 9' (FT)(IN)","5' 9' (FT)(IN)","8254","1232","21900","21700","13700","12000","20000","110","100","434","362","3000","0","40000","1960","4800","0","2100","0","2","TFE731-3R-1H, ","3700","0","4200"
"HAWKER","125-400A","British Aerospace","Medium","Business Jet","Mid-Size Jet","150000","150000","2","7","8.3","19' 4' (FT)(IN)","5' 9' (FT)(IN)","5' 9' (FT)(IN)","9152","1366","23300","23300","14200","12500","20000","93","77","441","367","3700","1042","41000","1960","4090","7750","1530","0","2","Viper 522, ","3360","0","5000"
"HAWKER","125-400AS","British Aerospace","Medium","Business Jet","Mid-Size Jet","250000","330000","2","7","8.4","19' 4' (FT)(IN)","5' 9' (FT)(IN)","5' 9' (FT)(IN)","9152","1366","23300","23300","14200","12595","20000","93","77","436","362","3500","0","41000","1990","5100","0","2100","0","2","TFE731-3DR-1H, TFE731-3R-1H, ","3700","0","4200"
"HAWKER","125-400B","British Aerospace","Medium","Business Jet","Mid-Size Jet","450000","700000","2","7","8.3","19' 4' (FT)(IN)","5' 9' (FT)(IN)","5' 9' (FT)(IN)","9152","1366","23300","23300","14200","12500","20000","93","77","441","367","3700","1040","41000","1960","4090","7750","1530","0","2","Viper 522, ","3360","0","5000"
"HAWKER","125-400BS","British Aerospace","Medium","Business Jet","Mid-Size Jet","1500000","3200000","2","7","8.4","19' 4' (FT)(IN)","5' 9' (FT)(IN)","5' 9' (FT)(IN)","9152","1366","23300","23300","14200","12595","20000","93","77","436","362","3500","0","41000","1990","5100","0","2100","0","2","TFE731-3R-1H, ","3700","0","4200"
"HAWKER","125-600A","British Aerospace","Medium","Business Jet","Mid-Size Jet","200000","200000","2","8","8.4","21' 4' (FT)(IN)","5' 9' (FT)(IN)","5' 9' (FT)(IN)","9507","1419","25000","25000","15550","13603","22000","96","83","435","361","4900","1380","41000","2125","5530","7550","1620","0","2","Viper 601, ","3750","0","5000"
"HAWKER","125-600AS","British Aerospace","Medium","Business Jet","Mid-Size Jet","200000","200000","2","8","8.4","21' 4' (FT)(IN)","5' 9' (FT)(IN)","5' 9' (FT)(IN)","9501","1418","25000","25000","15550","13755","22000","96","83","435","361","0","0","41000","2125","5800","0","2660","0","2","TFE731-3DR-1H, TFE731-3R-1H, ","3700","0","4200"
"HAWKER","125-600B","British Aerospace","Medium","Business Jet","Mid-Size Jet","200000","200000","2","8","8.4","21' 4' (FT)(IN)","5' 9' (FT)(IN)","5' 9' (FT)(IN)","9507","1419","25000","25000","15550","13603","22000","96","83","435","361","4900","1380","41000","2125","5350","7550","1620","0","2","Viper 601, ","3750","0","5000"
"HAWKER","125-600BS","British Aerospace","Medium","Business Jet","Mid-Size Jet","200000","200000","2","8","8.4","21' 4' (FT)(IN)","5' 9' (FT)(IN)","5' 9' (FT)(IN)","9501","1418","25000","25000","15550","13755","22000","96","83","435","361","0","0","41000","2125","5800","0","2660","0","2","TFE731-3R-1H, ","3700","0","4200"
"HAWKER","125-700A","British Aerospace","Medium","Business Jet","Mid-Size Jet","307000","915000","2","8","8.4","21' 4' (FT)(IN)","5' 9' (FT)(IN)","6' 0' (FT)(IN)","9500","1418","25000","24800","16050","14550","22000","104","87","424","350","4900","1493","41000","3600","5800","6950","2330","0","2","TFE731, TFE731-3D-1H, TFE731-3DR-1H, TFE731-3R-1H, ","3700","0","4200"
"HAWKER","125-700B","British Aerospace","Medium","Business Jet","Mid-Size Jet","250000","550000","2","8","8.4","21' 4' (FT)(IN)","5' 9' (FT)(IN)","6' 0' (FT)(IN)","9500","1418","25000","24800","16050","14550","22000","104","87","424","350","4900","1493","41000","3600","5800","6950","2330","0","2","TFE731-3R-1H, ","3700","0","4200"
"HAWKER","4000","Hawker Beechcraft Corporation","Heavy","Business Jet","Super Mid-Size Jet","3992000","4990000","2","8","9.6","25' 0' (FT)(IN)","6' 0' (FT)(IN)","6' 6' (FT)(IN)","14300","2134","39700","39500","26000","23500","33500","0","0","470","389","3415","880","45000","2475","5068","6701","3100","0","2","PW308A, ","6904","0","6000"
"HAWKER","400XP","Hawker Beechcraft Corporation","Light","Business Jet","Light Jet","1586000","2379000","2","9","9.1","15' 7' (FT)(IN)","4' 10' (FT)(IN)","4' 11' (FT)(IN)","4912","733","16500","16300","13000","10985","15700","0","105","450","332","2055","305","45000","3560","3906","6311","1519","0","2","FJ44-3AP, FJ44-4A-32, JT15D-5, JT15D-5D, JT15D-5R, ","3045","0","3600"
"HAWKER","400XPR","Hawker Beechcraft Corporation","Light","Business Jet","Light Jet","4595000","5400000","2","8","9.1","15' 6' (FT)(IN)","4' 9' (FT)(IN)","4' 11' (FT)(IN)","4912","733","16500","16300","13000","10900","15700","118","92","425","344","5000","620","45000","3400","3840","5170","2160","2015","2","FJ44-4A-32, ","3230","0","5000"
"HAWKER","750","Hawker Beechcraft Corporation","Medium","Business Jet","Super Light Jet","2633000","3423000","2","9","8.6","21' 3' (FT)(IN)","5' 7' (FT)(IN)","6' 0' (FT)(IN)","8500","1269","27120","27000","18450","16200","23350","0","0","430","328","3500","542","41000","2245","4696","7123","2200","0","2","TFE731-5BR, TFE731-5BR-1H, ","4750","0","4200"
"HAWKER","800A","British Aerospace","Medium","Business Jet","Mid-Size Jet","741000","1392000","2","8","8.6","21' 3' (FT)(IN)","5' 9' (FT)(IN)","6' 0' (FT)(IN)","10000","1493","27520","27400","17520","16000","23350","115","105","429","350","3500","780","41000","2800","5600","9400","2570","0","2","TFE731-5BR-1H, TFE731-5R-1H, ","4500","0","4200"
"HAWKER","800B","British Aerospace","Medium","Business Jet","Mid-Size Jet","1250000","3350000","2","8","8.6","21' 4' (FT)(IN)","5' 9' (FT)(IN)","6' 0' (FT)(IN)","10000","1492","27520","27400","17520","16000","23350","115","105","424","350","3500","780","41000","2800","5600","9400","2415","0","2","TFE731-5R-1H, ","4500","0","4200"
"HAWKER","800XP","Raytheon Aircraft Company","Medium","Business Jet","Mid-Size Jet","2126000","3905000","2","8","8.6","21' 4' (FT)(IN)","5' 9' (FT)(IN)","6' 0' (FT)(IN)","9998","1492","28120","28000","18450","16245","23350","114","105","430","356","3415","470","41000","2280","5030","7965","2620","0","2","TFE731-50R, TFE731-5BR, TFE731-5BR-1C, TFE731-5BR-1H, TFE731-5BR-2C, ","4750","0","5000"
"HAWKER","800XPI","Raytheon Aircraft Company","Medium","Business Jet","Mid-Size Jet","4122000","4429000","2","8","8.6","21' 0' (FT)(IN)","6' 0' (FT)(IN)","6' 0' (FT)(IN)","9998","1492","28120","28000","18450","16245","23350","114","105","430","356","3415","470","41000","2280","5030","7965","2620","0","2","TFE731-5BR, TFE731-5BR-1C, TFE731-5BR-1H, TFE731-5BR-2C, ","4750","0","5000"
"HAWKER","850XP","Hawker Beechcraft Corporation","Medium","Business Jet","Mid-Size Jet","4339000","5641000","2","8","8.6","21' 4' (FT)(IN)","5' 9' (FT)(IN)","6' 0' (FT)(IN)","10000","1492","28120","28000","18450","16229","23350","127","0","430","356","3415","470","41000","2245","5032","8013","2710","0","2","TFE731-5BR, TFE731-5BR-1C, TFE731-5BR-1H, TFE731-5BR-2C, ","4750","0","5000"
"HAWKER","900XP","Hawker Beechcraft Corporation","Medium","Business Jet","Mid-Size Jet","5171000","7272000","2","9","8.6","21' 3' (FT)(IN)","5' 7' (FT)(IN)","6' 0' (FT)(IN)","10000","1492","28120","28000","18450","16420","23350","110","98","430","315","3415","570","41000","2280","4965","6623","2929","0","2","TFE731-50R, TFE731-50R-1H, ","5000","0","6000"
"HONDAJET","ELITE","Honda Aircraft Company, Inc.","Light","Business Jet","Very Light Jet","4620000","5750000","1","5","8.8","12' 1' (FT)(IN)","4' 8' (FT)(IN)","5' 0' (FT)(IN)","2944","439","10780","10700","8900","7348","9960","106","0","413","270","4100","672","43000","2804","3491","5166","1191","1433","2","HF120, HF120-H1A, ","2050","0","5000"
"HONDAJET","ELITE II","Honda Aircraft Company, Inc.","Light","Business Jet","Very Light Jet","6750000","6950000","1","7","8.8","12' 1' (FT)(IN)","4' 8' (FT)(IN)","5' 0' (FT)(IN)","3138","468","11180","11100","9300","7422","10360","108","0","360","270","0","634","43000","2912","3699","5637","1380","1523","0","HF120-H1A, ","2050","0","5000"
"HONDAJET","ELITE S","Honda Aircraft Company, Inc.","Light","Business Jet","Very Light Jet","5500000","5750000","1","7","8.8","12' 1' (FT)(IN)","4' 8' (FT)(IN)","5' 0' (FT)(IN)","2944","439","10980","10900","9100","7385","10160","108","0","360","270","4100","634","43000","2912","3639","5542","1287","1408","2","HF120, HF120-H1A, ","2095","0","5000"
"HONDAJET","HA-420","Honda Aircraft Company, Inc.","Light","Business Jet","Very Light Jet","3120000","4368000","1","5","8.8","17' 10' (FT)(IN)","4' 10' (FT)(IN)","5' 0' (FT)(IN)","2845","425","10680","10600","8800","7450","9860","0","105","422","270","3990","933","43000","2795","3934","6108","1223","1282","2","HF120, HF120-H1A, ","2095","0","5000"
"JET COMMANDER","1121","Aero Commander & Israel Aircraft","Light","Business Jet","Mid-Size Jet","115000","125000","2","7","8","15' 9' (FT)(IN)","4' 9' (FT)(IN)","4' 8' (FT)(IN)","6204","926","17100","16800","12000","8300","16000","120","82","426","360","4400","1650","45000","3900","5400","0","950","0","2","CJ610-1, CJ610-5, ","2850","0","3000"
"JET COMMANDER","1121A","Aero Commander & Israel Aircraft","Light","Business Jet","Mid-Size Jet","125000","135000","2","7","8","15' 9' (FT)(IN)","4' 9' (FT)(IN)","4' 8' (FT)(IN)","7303","1090","17800","17500","12000","8300","16000","120","82","426","360","4400","1650","40000","3900","5400","0","950","0","2","CJ610-1, CJ610-5, ","2850","0","3000"
"JET COMMANDER","1121B","Aero Commander & Israel Aircraft","Light","Business Jet","Mid-Size Jet","55000","55000","2","7","8","15' 9' (FT)(IN)","4' 9' (FT)(IN)","4' 8' (FT)(IN)","7303","1090","17800","17500","12000","8300","16000","120","84","428","360","5000","1890","45000","3900","5400","0","1100","0","2","CJ610-5, ","2950","0","3000"
"JETSTAR","6","Lockheed","Heavy","Business Jet","Mid-Size Jet","120000","650000","2","10","8.9","28' 2' (FT)(IN)","6' 1' (FT)(IN)","6' 1' (FT)(IN)","17800","2657","41500","40921","23500","21157","30000","138","108","438","361","3600","0","43000","3440","6400","0","2645","0","4","JT12A-6, JT12A-6A, ","3300","0","0"
"JETSTAR","731","Lockheed","Heavy","Business Jet","Mid-Size Jet","600000","995000","2","10","8.9","28' 2' (FT)(IN)","6' 1' (FT)(IN)","6' 1' (FT)(IN)","17822","2660","44750","44500","27500","24178","36000","103","98","475","350","4050","2500","43000","3020","5250","0","2600","0","4","TFE731-3-1E, TFE731-3-1F, TFE731-3-1K, TFE731-3D-1E, TFE731-3D-1F, TFE731-3D-1K, ","3700","0","4200"
"JETSTAR","8","Lockheed","Heavy","Business Jet","Mid-Size Jet","200000","750000","2","10","8.9","28' 2' (FT)(IN)","6' 1' (FT)(IN)","6' 1' (FT)(IN)","17822","2660","42500","42000","25000","22074","35000","106","96","435","358","4050","2700","43000","3440","6000","7200","2342","0","4","JT12A-8, ","3300","0","0"
"JETSTAR","II","Lockheed","Heavy","Business Jet","Mid-Size Jet","495000","495000","2","10","8.9","28' 2' (FT)(IN)","6' 1' (FT)(IN)","6' 2' (FT)(IN)","17996","2686","44750","44500","27500","24593","36000","103","98","438","361","4200","2250","43000","3020","6200","0","2770","0","4","TFE731-3-1F, TFE731-3-1K, TFE731-3D, TFE731-3D-1F, TFE731-3D-1K, ","3700","0","4200"
"LEARJET","23","Gates Learjet","Light","Business Jet","Light Jet","75000","85000","2","6","8.3","9' 0' (FT)(IN)","4' 4' (FT)(IN)","4' 11' (FT)(IN)","5548","828","13000","12500","9000","6625","11800","150","90","423","358","6900","1800","45000","2800","2940","0","1590","0","2","CJ610-1, CJ610-4, ","2850","0","3000"
"LEARJET","24","Gates Learjet","Light","Business Jet","Light Jet","95000","115000","2","6","8.7","9' 0' (FT)(IN)","4' 3' (FT)(IN)","4' 11' (FT)(IN)","4750","709","13300","13000","9000","7090","11800","150","85","417","306","6300","1700","41000","3350","3100","0","1012","0","2","CJ610-4, CJ610-6, ","2850","0","5000"
"LEARJET","24A","Gates Learjet","Light","Business Jet","Light Jet","75000","105000","2","6","8.3","9' 0' (FT)(IN)","4' 4' (FT)(IN)","4' 9' (FT)(IN)","4750","709","12749","12499","9000","7090","11880","150","85","417","300","6300","1700","41000","3350","3100","0","880","0","2","CJ610-4, CJ610-6, ","2850","0","5000"
"LEARJET","24B","Gates Learjet","Light","Business Jet","Light Jet","125000","135000","2","6","8.7","9' 0' (FT)(IN)","4' 4' (FT)(IN)","4' 9' (FT)(IN)","5588","834","13800","13500","10000","7327","11880","150","85","437","300","6300","1700","45000","3307","3100","0","1001","0","2","CJ610-6, CJ610-8A, ","2950","0","5000"
"LEARJET","24D","Gates Learjet","Light","Business Jet","Light Jet","135000","185000","2","6","8.7","12' 1' (FT)(IN)","4' 3' (FT)(IN)","4' 9' (FT)(IN)","5588","834","13800","13500","10000","7203","11880","150","85","473","392","6800","1750","45000","2800","3917","0","1001","0","2","CJ610-6, CJ610-8A, ","2950","0","5000"
"LEARJET","24E","Gates Learjet","Light","Business Jet","Light Jet","195000","235000","2","6","8.7","17' 4' (FT)(IN)","4' 4' (FT)(IN)","4' 9' (FT)(IN)","4750","709","13200","12900","10000","7425","11880","150","86","439","366","6800","2200","45000","2789","3000","3250","850","0","2","CJ610-6, CJ610-8A, ","2950","0","5000"
"LEARJET","24F","Gates Learjet","Light","Business Jet","Light Jet","205000","255000","2","6","8.7","9' 0' (FT)(IN)","4' 3' (FT)(IN)","4' 9' (FT)(IN)","5588","834","13800","13500","10000","7530","11880","150","86","439","300","7100","2505","45000","2873","3297","5350","1001","0","2","CJ610-6, CJ610-8A, ","2950","0","5000"
"LEARJET","25","Gates Learjet","Light","Business Jet","Light Jet","100000","120000","2","8","8.7","16' 3' (FT)(IN)","4' 4' (FT)(IN)","4' 9' (FT)(IN)","6030","900","15500","15000","10000","7406","13300","150","86","442","368","6050","1740","45000","2703","5186","6100","1385","0","2","CJ610-6, CJ610-8A, ","2950","0","5000"
"LEARJET","25B","Gates Learjet","Light","Business Jet","Light Jet","130000","240000","2","8","8.7","16' 3' (FT)(IN)","4' 4' (FT)(IN)","4' 9' (FT)(IN)","6097","910","15500","15000","10000","7606","13300","150","86","442","300","6050","1740","45000","2703","5186","6100","1385","0","2","CJ610-6, CJ610-8A, ","2950","0","5000"
"LEARJET","25C","Gates Learjet","Light","Business Jet","Light Jet","150000","230000","2","6","8.7","14' 3' (FT)(IN)","4' 4' (FT)(IN)","4' 9' (FT)(IN)","7390","1103","15500","15000","10000","7633","13300","150","86","441","300","6050","1750","45000","3090","5186","6100","1525","0","2","CJ610-6, CJ610-8A, ","2950","0","5000"
"LEARJET","25D","Gates Learjet","Light","Business Jet","Light Jet","250000","340000","2","8","9.4","12' 0' (FT)(IN)","4' 4' (FT)(IN)","4' 11' (FT)(IN)","6097","910","15500","15000","10000","8350","13300","150","86","456","350","6830","1910","45000","2817","3937","6850","1431","0","2","CJ610-6, CJ610-8A, ","2950","0","5000"
"LEARJET","25G","Gates Learjet","Light","Business Jet","Light Jet","310000","350000","2","8","9.4","12' 0' (FT)(IN)","4' 4' (FT)(IN)","4' 11' (FT)(IN)","6594","984","16500","16000","10000","8650","13300","150","99","464","350","5720","1970","51000","2728","4950","8250","1800","0","2","CJ610-6, CJ610-8A, ","2950","0","5000"
"LEARJET","28","Gates Learjet","Light","Business Jet","Light Jet","110000","375000","2","8","9.4","16' 3' (FT)(IN)","4' 4' (FT)(IN)","4' 9' (FT)(IN)","4684","699","15500","15000","10300","8968","14300","119","89","441","349","6950","1910","51000","2734","3040","4430","1450","0","2","CJ610-8A, ","2950","0","5000"
"LEARJET","29","Gates Learjet","Light","Business Jet","Light Jet","400000","1400000","2","6","9.4","16' 3' (FT)(IN)","4' 4' (FT)(IN)","4' 9' (FT)(IN)","5373","802","15500","15000","10300","8924","13300","114","92","441","349","6950","1910","51000","2734","2998","4430","1546","0","2","CJ610-8A, ","2950","0","5000"
"LEARJET","31","Gates Learjet","Light","Business Jet","Light Jet","614000","779000","2","8","9.4","12' 11' (FT)(IN)","4' 4' (FT)(IN)","4' 11' (FT)(IN)","4124","616","17200","17000","13500","11200","16000","108","93","441","325","5480","1890","51000","2507","3490","6251","1337","0","2","TFE731-2-3B, ","3500","0","4200"
"LEARJET","31A","Gates Learjet","Light","Business Jet","Light Jet","803000","1230000","2","8","9.4","12' 11' (FT)(IN)","4' 4' (FT)(IN)","4' 11' (FT)(IN)","4124","616","17200","17000","13500","11203","16000","0","112","441","325","5480","1890","51000","2767","3490","6251","1337","0","2","TFE731-2-3B, TFE731-2C-3B, ","3500","0","4200"
"LEARJET","35","Gates Learjet","Light","Business Jet","Light Jet","275000","350000","2","8","9.4","12' 11' (FT)(IN)","4' 4' (FT)(IN)","4' 11' (FT)(IN)","6238","931","18500","18300","13500","10238","15300","112","105","436","359","5100","1480","45000","3105","4080","10100","1924","0","2","TFE731-2-2B, TFE731-2-2C, TFE731-2-3B, TFE731-2C-2B, ","3500","0","4200"
"LEARJET","35A","Learjet Inc.","Light","Business Jet","Light Jet","350000","795000","2","8","9.4","12' 11' (FT)(IN)","4' 4' (FT)(IN)","4' 11' (FT)(IN)","6237","931","18500","18300","13500","10519","15300","96","87","436","359","4760","1470","45000","3075","4800","6300","1990","0","2","TFE731-2-2B, TFE731-2-2C, TFE731-2-3B, TFE731-2C-2B, TFE731-3-2AP, ","3500","0","4200"
"LEARJET","36","Gates Learjet","Light","Business Jet","Light Jet","275000","375000","2","6","9.4","10' 6' (FT)(IN)","4' 4' (FT)(IN)","4' 11' (FT)(IN)","7437","1110","18500","18300","13500","10519","15300","112","105","436","359","4340","1280","45000","3105","4972","10100","2289","0","2","TFE731-2-2B, ","3500","0","4200"
"LEARJET","36A","Learjet Inc.","Light","Business Jet","Light Jet","425000","675000","2","6","9.4","10' 6' (FT)(IN)","4' 4' (FT)(IN)","4' 11' (FT)(IN)","7437","1110","18500","18300","13500","9970","15300","112","99","441","359","4340","1280","45000","3075","4972","10100","2708","0","2","TFE731-2-2B, TFE731-2-2C, TFE731-2-3B, ","3500","0","4200"
"LEARJET","40","Learjet Inc.","Medium","Business Jet","Light Jet","1960000","2673000","2","6","9.4","17' 8' (FT)(IN)","4' 11' (FT)(IN)","5' 1' (FT)(IN)","5300","791","20600","20350","16000","13428","19200","119","98","436","330","2820","710","51000","2335","4326","7124","1707","0","2","TFE731-20AR, TFE731-20AR-1B, TFE731-20BR, TFE731-20BR-1B, ","3650","0","5000"
"LEARJET","40XR","Learjet Inc.","Medium","Business Jet","Light Jet","2317000","5168000","2","7","9.4","17' 8' (FT)(IN)","4' 11' (FT)(IN)","5' 1' (FT)(IN)","6062","905","21250","21000","16000","13861","19200","119","98","436","330","2820","394","51000","2355","4680","5690","1960","0","2","TFE731-20BR, TFE731-20BR-1B, ","3650","0","5000"
"LEARJET","45","Learjet Inc.","Medium","Business Jet","Light Jet","1973000","3947000","2","9","9.4","19' 9' (FT)(IN)","4' 11' (FT)(IN)","5' 1' (FT)(IN)","6062","905","20750","20500","16000","13695","19200","119","98","436","330","2800","590","51000","2349","4350","7290","1968","0","2","TFE731-20AR, TFE731-20AR-1B, TFE731-20BR, TFE731-20BR-1B, TFE731-20BR-1BR, ","3650","0","5000"
"LEARJET","45XR","Learjet Inc.","Medium","Business Jet","Light Jet","3229000","6100000","2","9","9.4","19' 9' (FT)(IN)","4' 11' (FT)(IN)","5' 1' (FT)(IN)","6062","905","21750","21500","16000","14113","19200","119","98","436","330","2630","589","51000","2660","5040","5811","2049","0","2","TFE731-20BR, TFE731-20BR-1B, ","3650","0","5000"
"LEARJET","55","Learjet Inc.","Light","Business Jet","Mid-Size Jet","550000","950000","2","8","9.4","13' 7' (FT)(IN)","5' 7' (FT)(IN)","5' 9' (FT)(IN)","6707","1001","19750","19500","15000","12530","17000","126","107","419","350","4059","1240","51000","3300","5600","6900","2296","0","2","TFE731-3A-2B, TFE731-3AR-2B, TFE731-3AR-3B, TFE731-3C-2B, TFE731-3CR-2B, TFE731-3CR-3B, ","3700","0","4200"
"LEARJET","55B","Learjet Inc.","Medium","Business Jet","Mid-Size Jet","900000","950000","2","8","9.4","13' 7' (FT)(IN)","5' 7' (FT)(IN)","5' 9' (FT)(IN)","6707","1001","21750","21500","15000","12855","18000","136","114","385","350","4059","1000","51000","3300","5600","6900","2250","0","2","TFE731-3A-2B, TFE731-3AR-2B, TFE731-3C-2B, TFE731-3CR-3B, ","3700","0","4200"
"LEARJET","55C","Learjet Inc.","Medium","Business Jet","Mid-Size Jet","550000","1050000","2","8","9.4","16' 8' (FT)(IN)","5' 9' (FT)(IN)","5' 11' (FT)(IN)","6707","1001","21250","21000","15000","13258","18000","129","106","419","350","4176","1240","51000","3250","4900","6375","2222","0","2","TFE731-3A-2B, TFE731-3AR-2B1, TFE731-3AR-3B, TFE731-3C-2B, TFE731-3CR-2B, TFE731-3CR-3B, ","3700","0","4200"
"LEARJET","60","Learjet Inc.","Medium","Business Jet","Mid-Size Jet","2590000","3712000","2","8","9.4","17' 8' (FT)(IN)","5' 9' (FT)(IN)","5' 11' (FT)(IN)","7910","1181","23750","23500","17000","14700","19500","129","110","436","330","4500","714","51000","3030","5450","8520","2418","0","2","PW305A, ","4679","0","7200"
"LEARJET","60XR","Learjet Inc.","Medium","Business Jet","Mid-Size Jet","4599000","6799000","2","6","9.4","17' 7' (FT)(IN)","5' 7' (FT)(IN)","5' 9' (FT)(IN)","7910","1181","23750","23500","17000","14902","19500","129","110","436","330","4500","715","51000","3049","5450","8540","2398","0","2","PW305A, ","4679","0","7200"
"LEARJET","70","Learjet Inc.","Medium","Business Jet","Light Jet","4258000","6148000","2","6","9.4","17' 7' (FT)(IN)","4' 9' (FT)(IN)","5' 1' (FT)(IN)","6062","905","21750","21500","16000","13900","19200","0","101","436","330","2467","430","51000","2326","4440","5191","2045","1881","2","TFE731-40BR, TFE731-40BR-1B, ","3500","0","6000"
"LEARJET","75","Learjet Inc.","Medium","Business Jet","Super Light Jet","6050000","10200000","2","8","9.4","19' 8' (FT)(IN)","4' 9' (FT)(IN)","5' 1' (FT)(IN)","6062","905","21750","21500","16500","14050","19200","113","101","436","330","2467","430","51000","2338","4440","5272","2026","1884","2","TFE731-40BR, TFE731-40BR-1B, ","3500","0","6000"
"LEARJET","75 LIBERTY","Learjet Inc.","Medium","Business Jet","Super Light Jet","5990000","12344000","2","6","9.4","19' 10' (FT)(IN)","4' 11' (FT)(IN)","5' 1' (FT)(IN)","6062","905","21750","21500","16500","13598","19200","113","0","436","330","0","430","51000","2296","4440","5272","2080","1885","2","TFE731-40BR, TFE731-40BR-1B, ","3500","0","6000"
"NEXTANT","400XT","Nextant Aerospace, LLC","Light","Business Jet","Light Jet","1500000","2000000","2","7","9.1","15' 6' (FT)(IN)","4' 9' (FT)(IN)","4' 11' (FT)(IN)","4912","733","16500","16300","13000","10700","15700","126","106","437","320","4300","845","45000","2960","3906","3885","2096","1895","2","FJ44-3AP, ","3052","0","5000"
"NEXTANT","400XTi","Nextant Aerospace, LLC","Light","Business Jet","Light Jet","2300000","4650000","2","9","9.1","15' 5' (FT)(IN)","4' 8' (FT)(IN)","4' 9' (FT)(IN)","4912","733","16500","16300","13000","10950","15700","105","96","406","320","4300","845","45000","2960","3821","5088","2003","1895","2","FJ44-3AP, ","3052","0","5000"
"PILATUS","PC-24","Pilatus Aircraft, Ltd.","Light","Business Jet","Light Jet","11751000","12225000","1","10","9.3","17' 0' (FT)(IN)","5' 1' (FT)(IN)","5' 6' (FT)(IN)","5965","890","18400","18300","14220","11720","16900","90","82","358","290","4070","665","45000","2120","2930","4980","2000","2013","2","FJ44-4A, FJ44-4A-QPM, ","3621","0","5000"
"PREMIER","I","Raytheon Aircraft Company","Light","Business Jet","Very Light Jet","1315000","1972000","1","6","8.4","13' 6' (FT)(IN)","5' 5' (FT)(IN)","5' 6' (FT)(IN)","3611","539","12590","12500","10000","8173","11600","108","92","426","320","4000","1100","41000","2975","3792","6888","1340","0","2","FJ44-2A, ","2350","0","5000"
"PREMIER","IA","Hawker Beechcraft Corporation","Light","Business Jet","Very Light Jet","2192000","2995000","1","7","8.4","13' 6' (FT)(IN)","5' 5' (FT)(IN)","5' 6' (FT)(IN)","3670","548","12590","12500","10000","8550","11600","108","92","426","295","4000","1100","41000","3170","3792","6888","1340","0","2","FJ44-2A, ","2350","0","5000"
"SABRELINER","40","Rockwell International","Light","Business Jet","Light Jet","54000","70651","2","6","8.2","15' 10' (FT)(IN)","4' 6' (FT)(IN)","5' 2' (FT)(IN)","7122","1063","18650","18650","12800","10900","17500","111","83","431","350","5050","1300","45000","2250","4450","4900","1640","0","2","JT12A-6A, JT12A-8, ","3300","0","0"
"SABRELINER","40A","Rockwell International","Light","Business Jet","Light Jet","150000","180000","2","6","8.8","15' 10' (FT)(IN)","4' 6' (FT)(IN)","5' 2' (FT)(IN)","7122","1063","19035","18650","12800","11100","17500","0","83","431","350","4700","1200","45000","2350","4450","4900","1640","0","2","JT12A-8, ","3300","0","0"
"SABRELINER","40EL","Rockwell International","Light","Business Jet","Light Jet","199000","299000","2","6","8.2","15' 10' (FT)(IN)","4' 6' (FT)(IN)","5' 2' (FT)(IN)","7122","1063","18650","18650","12800","10900","17500","0","83","431","350","5050","1300","45000","2250","4450","4900","1640","0","2","JT12A-6A, JT12A-8, ","3300","0","0"
"SABRELINER","40EX","Rockwell International","Light","Business Jet","Light Jet","199000","299000","2","6","8.2","15' 10' (FT)(IN)","4' 6' (FT)(IN)","5' 2' (FT)(IN)","7122","1063","18650","18650","12800","10900","17500","0","83","431","350","5050","1300","45000","2250","4450","4900","1640","0","2","JT12A-6A, JT12A-8, ","3300","0","0"
"SABRELINER","40R","Rockwell International","Light","Business Jet","Light Jet","199000","299000","2","6","8.2","15' 10' (FT)(IN)","4' 6' (FT)(IN)","5' 2' (FT)(IN)","7122","1063","18650","18650","12800","10900","17500","0","83","431","350","5050","1300","45000","2250","4450","4900","1640","0","2","JT12A-6A, JT12A-8, ","3300","0","0"
"SABRELINER","40SE","Rockwell International","Light","Business Jet","Light Jet","199000","299000","2","6","8.2","15' 10' (FT)(IN)","4' 6' (FT)(IN)","5' 2' (FT)(IN)","7122","1063","18650","18650","12800","10900","17500","0","83","431","350","5050","1300","45000","2250","4450","4900","1640","0","2","JT12A-6A, JT12A-8, ","3300","0","0"
"SABRELINER","50","Rockwell International","Light","Business Jet","Light Jet","0","0","2","10","8.2","15' 10' (FT)(IN)","4' 6' (FT)(IN)","5' 2' (FT)(IN)","7284","1087","18650","18365","12250","14542","17500","0","98","435","354","5050","1300","45000","1850","2500","0","1950","0","2","J60-P-3A, ","3300","0","0"
"SABRELINER","60","Rockwell International","Medium","Business Jet","Light Jet","235000","330000","2","8","8.8","19' 0' (FT)(IN)","5' 0' (FT)(IN)","5' 0' (FT)(IN)","7122","1063","20372","20172","13800","11750","17500","0","123","430","349","4700","1100","45000","2365","5050","0","1933","1933","2","JT12A-8, ","3300","0","0"
"SABRELINER","60A","Rockwell International","Medium","Business Jet","Light Jet","235000","250000","2","8","8.2","19' 0' (FT)(IN)","5' 0' (FT)(IN)","5' 0' (FT)(IN)","7122","1063","20372","20172","13800","11750","17500","0","84","430","349","4700","1100","45000","2365","5300","0","2110","0","2","JT12A-8, ","3300","0","0"
"SABRELINER","60AELXM","Rockwell International","Medium","Business Jet","Light Jet","320000","320000","2","8","8.2","19' 0' (FT)(IN)","5' 0' (FT)(IN)","5' 0' (FT)(IN)","7122","1063","20372","20172","13800","11750","17500","0","84","430","349","4700","1100","45000","2365","5300","0","2110","0","2","JT12A-8, ","3300","0","0"
"SABRELINER","60EL","Rockwell International","Medium","Business Jet","Light Jet","235000","260000","2","8","8.2","19' 0' (FT)(IN)","5' 0' (FT)(IN)","5' 0' (FT)(IN)","7122","1063","20372","20172","13800","11750","17500","0","84","430","349","4700","1100","45000","2365","5300","0","1640","0","2","JT12A-8, ","3300","0","0"
"SABRELINER","60ELXM","Rockwell International","Medium","Business Jet","Light Jet","250000","330000","2","8","8.2","19' 0' (FT)(IN)","5' 0' (FT)(IN)","5' 0' (FT)(IN)","7122","1063","20372","20172","13800","11750","17500","0","84","430","349","4700","1100","45000","2365","5300","0","1640","0","2","JT12A-8, ","3300","0","0"
"SABRELINER","60EX","Rockwell International","Medium","Business Jet","Light Jet","235000","290000","2","8","8.2","19' 0' (FT)(IN)","5' 0' (FT)(IN)","5' 0' (FT)(IN)","7122","1063","20372","20172","13800","11750","17500","0","84","430","349","4700","1100","45000","2365","5300","0","1640","0","2","JT12A-8, ","3300","0","0"
"SABRELINER","60SC","Rockwell International","Medium","Business Jet","Light Jet","240000","290000","2","8","8.2","19' 0' (FT)(IN)","5' 0' (FT)(IN)","5' 0' (FT)(IN)","8267","1234","20372","20172","13800","11750","17500","0","84","430","349","4700","1100","45000","2365","5300","0","2110","0","2","JT12A-8, ","3300","0","0"
"SABRELINER","60SCEL","Rockwell International","Medium","Business Jet","Light Jet","235000","240000","2","8","8.2","19' 0' (FT)(IN)","5' 0' (FT)(IN)","5' 0' (FT)(IN)","8267","1234","20372","20172","13800","11750","17500","0","84","430","349","4700","1100","45000","2365","5300","0","2110","0","2","JT12A-8, ","3300","0","0"
"SABRELINER","60SCELXM","Rockwell International","Medium","Business Jet","Light Jet","310000","320000","2","8","8.2","19' 0' (FT)(IN)","5' 0' (FT)(IN)","5' 0' (FT)(IN)","8267","1234","20372","20172","13800","11750","17500","0","84","430","349","4700","1100","45000","2365","5300","0","2110","0","2","JT12A-8, ","3300","0","0"
"SABRELINER","60SCEX","Rockwell International","Medium","Business Jet","Light Jet","290000","290000","2","8","8.2","19' 0' (FT)(IN)","5' 0' (FT)(IN)","5' 0' (FT)(IN)","8267","1234","20375","20172","13800","11750","17500","0","84","430","349","4700","1100","45000","2365","5300","0","2110","0","2","JT12A-8, ","3300","0","0"
"SABRELINER","65","Rockwell International","Medium","Business Jet","Light Jet","400000","950000","2","8","8.8","19' 0' (FT)(IN)","5' 3' (FT)(IN)","5' 3' (FT)(IN)","8644","1290","24000","24000","16250","14100","21755","117","81","441","360","3540","950","45000","3345","5895","6400","2480","0","2","TFE731-3D-1D, TFE731-3DR-1D, TFE731-3R-1D, ","3700","0","4200"
"SABRELINER","75","Rockwell International","Medium","Business Jet","Light Jet","290000","440000","2","8","8.8","19' 0' (FT)(IN)","5' 3' (FT)(IN)","5' 3' (FT)(IN)","7380","1102","21200","21000","14300","12600","21000","0","137","430","349","4500","1050","45000","2525","4420","0","2520","0","2","JT12A-8, ","3300","0","0"
"SABRELINER","80","Rockwell International","Medium","Business Jet","Light Jet","250000","250000","2","8","8.2","19' 0' (FT)(IN)","5' 3' (FT)(IN)","5' 3' (FT)(IN)","7380","1102","23500","23300","15620","13600","22000","0","89","436","355","4500","1050","45000","2625","4380","0","1483","0","2","CF-700-2D2, ","4200","0","5000"
"SABRELINER","80A","Rockwell International","Medium","Business Jet","Light Jet","290000","415000","2","8","8.8","19' 0' (FT)(IN)","5' 3' (FT)(IN)","5' 3' (FT)(IN)","7380","1102","25500","23300","15620","13750","22000","0","137","435","354","4500","1050","45000","2625","4380","0","2310","0","2","CF-700-2D2, ","4200","0","5000"
"SABRELINER","80SC","Rockwell International","Medium","Business Jet","Mid-Size Jet","340000","440000","2","8","8.8","19' 0' (FT)(IN)","5' 3' (FT)(IN)","5' 3' (FT)(IN)","8525","1272","25500","23300","15620","13750","22000","0","137","435","354","4500","1050","45000","2625","4380","0","2310","0","2","CF-700-2D2, ","4200","0","5000"
"SUKHOI","SBJ","Sukhoi Civil Aircraft (CJSC)","Heavy","Business Jet","Airline Business Jet","14890000","25250000","3","10","0","67' 11' (FT)(IN)","6' 11' (FT)(IN)","10' 7' (FT)(IN)","42411","6330","109019","109019","88185","0","90390","0","0","537","465","0","0","51000","0","6732","0","4250","0","2","SaM146-1S18, ","17800","0","0"
"SYBERJET","SJ30-2","Syberjet Aircraft","Light","Business Jet","Light Jet","5190000","8306452","1","6","12","12' 5' (FT)(IN)","4' 4' (FT)(IN)","4' 8' (FT)(IN)","4850","724","14050","13950","10500","8917","12725","102","93","436","320","3663","312","49000","2657","3939","8784","1915","2598","2","FJ44-2A, ","2350","0","5000"
"WESTWIND","1","Israel Aircraft Industries, Ltd.","Medium","Business Jet","Mid-Size Jet","179000","395000","2","7","9","15' 5' (FT)(IN)","5' 0' (FT)(IN)","5' 0' (FT)(IN)","8710","1300","23650","23500","16500","13000","19000","99","87","424","360","3200","860","45000","2450","4825","7200","2385","0","2","TFE731-3-1G, TFE731-3D-1G, ","3700","0","4200"
"WESTWIND","1123","Israel Aircraft Industries, Ltd.","Medium","Business Jet","Mid-Size Jet","155000","185000","2","7","8.8","15' 5' (FT)(IN)","4' 3' (FT)(IN)","4' 10' (FT)(IN)","8710","1300","21000","20700","14500","11900","19000","99","87","426","360","4040","1100","41000","2900","5570","0","1450","0","2","CJ610-9, ","3100","0","3000"
"WESTWIND","1124","Israel Aircraft Industries, Ltd.","Medium","Business Jet","Mid-Size Jet","100000","200000","2","7","9","15' 5' (FT)(IN)","4' 3' (FT)(IN)","4' 10' (FT)(IN)","8710","1300","23650","23500","16500","13000","19000","113","99","424","360","3200","860","45000","2450","4825","7200","2385","0","2","TFE731-3-1G, TFE731-3D-1G, ","3700","0","4200"
"WESTWIND","2","Israel Aircraft Industries, Ltd.","Medium","Business Jet","Mid-Size Jet","75000","395000","2","7","9","15' 6' (FT)(IN)","4' 11' (FT)(IN)","4' 10' (FT)(IN)","8710","1300","23650","23500","16500","13250","19000","113","99","425","365","5000","1150","45000","2150","5125","8800","2750","0","2","TFE731-3-1D, TFE731-3-1G, TFE731-3D-1G, ","3700","0","4200"
